CH_1,CH_2,CH_3,CH_4,CH_5,CH_6,CH_7,CH_8,CH_9,CH_10,CH_11,Gesamtspektrum
0.0,0.0,0.0,0.0,0.0,0.0,0.0,0.0,0.0,0.0,0.0,0.0
0.0,0.0,0.0,0.0,0.0,0.0,0.0,0.0,0.0,0.0,0.0,0.0
0.0,0.0,0.0,0.0,0.0,0.0,0.0,0.0,0.0,0.0,0.0,0.0
0.0,0.0,0.0,0.0,0.0,0.0,0.0,0.0,0.0,0.0,0.0,0.0
0.0,0.0,0.0,0.0,0.0,0.0,0.0,0.0,0.0,0.0,0.0,0.0
0.0,0.0,0.0,0.0,0.0,0.0,0.0,0.0,0.0,0.0,0.0,0.0
0.0,0.0,0.0,0.0,0.0,0.0,0.0,0.0,0.0,0.0,0.0,0.0
0.0,0.0,0.0,0.0,0.0,0.0,0.0,0.0,0.0,0.0,0.0,0.0
0.0,0.0,0.0,0.0,0.0,0.0,0.0,0.0,0.0,0.0,0.0,0.0
0.0,0.0,0.0,0.0,0.0,0.0,0.0,0.0,4.11638523288945e-05,0.0,0.0,4.11638523288945e-05
0.0,0.0,0.0,0.0,0.0,0.0,0.0,0.0,7.12620011192918e-05,0.0,0.0,7.12620011192918e-05
0.0,0.0,0.0,0.0,0.0,0.0,0.0,0.0,0.000106334923951471,0.0,0.0,0.000106334923951471
0.0,0.0,0.0,0.0,0.0,0.0,0.0,0.0,0.000144657374769948,0.0,0.0,0.000144657374769948
0.0,0.0,0.0,0.0,0.0,0.0,0.0,0.0,0.00020001473669131102,0.0,0.0,0.00020001473669131102
0.0,0.0,0.0,0.0,0.0,0.0,0.0,0.0,0.000280556670807558,0.0,0.0,0.000280556670807558
0.0,0.0,0.0,0.0,0.0,0.0,0.0,0.0,0.000381460209110148,0.0,0.0,0.000381460209110148
0.0,0.0,0.0,0.0,0.0,0.0,0.0,0.0,0.0004937567325528769,0.0,0.0,0.0004937567325528769
0.0,0.0,0.0,0.0,0.0,0.0,0.0,0.0,0.000629358322319194,0.0,0.0,0.000629358322319194
0.0,0.0,0.0,0.0,0.0,0.0,0.0,0.0,0.000826448016333371,0.0,0.0,0.000826448016333371
0.0,0.0,0.0,0.0,0.0,0.0,0.0,0.0,0.0010560056386223,0.0,0.0,0.0010560056386223
0.0,0.0,0.0,0.0,0.0,0.0,0.0,0.0,0.00132050467808489,0.0,0.0,0.00132050467808489
0.0,0.0,0.0,0.0,0.0,0.0,0.0,0.0,0.00165067373742291,0.0,0.0,0.00165067373742291
0.0,0.0,0.0,0.0,0.0,0.0,0.0,0.0,0.00207821004262795,0.0,0.0,0.00207821004262795
0.0,0.0,0.0,0.0,0.0,0.0,0.0,0.0,0.00260760030228936,0.0,0.0,0.00260760030228936
0.0,0.0,0.0,0.0,0.0,0.0,0.0,0.0,0.00319025618746081,0.0,1.24147015603782e-05,0.003202670889021188
3.2099036620145197e-06,0.0,0.0,0.0,0.0,0.0,0.0,0.0,0.00386553087971095,0.0,1.52644931430443e-05,0.003884005276516009
4.66422477450515e-06,0.0,0.0,0.0,0.0,0.0,0.0,0.0,0.00475771288278558,0.0,2.0205495205498102e-05,0.004782582602765583
6.59990026675e-06,0.0,0.0,0.0,0.0,0.0,0.0,0.0,0.00579225334709918,0.0,2.70810225992094e-05,0.00582593426996514
9.069182041091029e-06,0.0,3.590520347354821e-05,0.0,0.0,0.0,0.0,0.0,0.00691291251532918,0.0,3.33338987859698e-05,0.006991220799629789
1.2384283138934599e-05,0.0,4.3380784600863e-05,0.0,0.0,0.0,0.0,0.0,0.00817130958142127,0.0,4.0862055132076296e-05,0.008267936704293145
1.6856146063218303e-05,0.0,5.6927084243191604e-05,0.0,0.0,0.0,0.0,4.18988860472828e-05,0.0096593581182992,0.0,5.0165439891412106e-05,0.009825205674544306
2.32201247343333e-05,0.0,7.50248016608868e-05,0.0,0.0,0.0,0.0,6.0200321122650206e-05,0.0112512285872668,0.0,6.13334108392349e-05,0.011471007245623905
3.07735649414424e-05,0.0,9.444923864885159e-05,0.0,0.0,0.0,0.0,8.17902561560103e-05,0.0129438718953488,0.0,7.39765589938756e-05,0.013224861514088979
3.9656936902705104e-05,0.0,0.00011749988814558998,0.0,0.0,0.0,0.0,0.000107120761090446,0.0147131143141908,0.0,8.75777337063368e-05,0.015064969634035877
5.0477433633626095e-05,0.0,0.000146276246862498,0.0,0.0,0.0,0.0,0.00014655271635311999,0.0165530330017381,0.0,0.000102278305089403,0.016998617703676746
6.53704565762785e-05,0.0,0.000180032705659428,0.0,0.0,0.0,0.0,0.000195068869388495,0.0183499456544234,0.0,0.000117930130596041,0.01890834781664364
8.147565025976871e-05,0.0,0.000219800880148506,0.0,0.0,0.0,0.0,0.00025029536474159103,0.0198235596244646,0.0,0.000132832992973266,0.02050796451258773
0.00010001180145099001,0.0,0.00026106202485858503,0.0,0.0,0.0,0.0,0.000320181965405283,0.0210236307784467,0.0,0.000146483343572381,0.02185136991373394
0.000121700092469594,0.0,0.0003182907183147,0.0,0.0,0.0,0.0,0.000410334934454565,0.0217803261836659,0.0,0.000160505228333479,0.02279115715723824
0.000149492318170829,0.0,0.000381799842300125,0.0,0.0,0.0,0.0,0.000513083871867889,0.0220335893094261,0.0,0.000171401737792093,0.023249367079557035
0.00017770166989401298,0.0,0.000440631417567556,0.0,0.0,0.0,0.0,0.000631918108914106,0.0218060528177884,0.0,0.000179387296303407,0.02323569131046748
0.000208716803409637,0.0,0.000509258869915453,0.0,0.0,0.0,0.0,0.0007806842942390759,0.021135200425902,0.0,0.000187173352134231,0.0228210337456004
0.00024279878773494502,0.0,0.0005839761854108099,0.0,0.0,0.0,0.0,0.000945055964548594,0.0200170562624762,0.0,0.000188512370730205,0.021977399570900752
0.000278842618509809,0.0,0.000668603861097748,0.0,0.0,0.0,0.0,0.00116903559317565,0.0184620910022829,0.0,0.00018758113183786498,0.02076615420690397
0.000323347258437864,0.0,0.000760106251812211,2.34048417262695e-05,0.0,0.0,0.0,0.00143285020691801,0.0168452458539063,0.0,0.000184503065524612,0.01956945747832527
0.000362009385084352,0.0,0.0008511894405044929,2.6045254077196398e-05,0.0,0.0,0.0,0.00170847231122733,0.0153027427047716,0.0,0.000175582296045022,0.018426041391709995
0.000403347111324593,0.0,0.0009419873715667869,3.20634323416103e-05,0.0,0.0,0.0,0.0020270794869411,0.013847087726446997,0.0,0.000164635245708676,0.017416200374329765
0.000443329141415276,0.0,0.00104427076813217,3.61274365628894e-05,0.0,0.0,0.0,0.00243978608149453,0.0124245007187417,0.0,0.00015224131764852,0.016540255463995086
0.000487554620259313,0.0,0.0011433529153383301,4.06203950541647e-05,0.0,0.0,0.0,0.00290981119394052,0.011128949607433998,0.0,0.000138011913822984,0.015848300645849307
0.000526685676509834,0.0,0.00123362362619975,4.9651581590502005e-05,0.0,0.0,0.0,0.00340985526180782,0.0100675786066238,0.0,0.000122720590754499,0.015410115343486205
0.000565193910880969,0.0,0.00132504056035236,5.90286874371532e-05,0.0,0.0,0.0,0.00395751307851717,0.00909662941415508,0.0,0.000107778347871707,0.015111183999214439
0.000601772381981921,0.0,0.0014221812323334802,6.88627499425287e-05,0.0,0.0,0.0,0.00463269711569925,0.00814380102856148,0.0,9.48742361436604e-05,0.014964188744662321
0.000646616442201642,0.0,0.0015174807704067,8.1990826943328e-05,0.0,0.0,0.0,0.00539509993441615,0.0073127987983241,0.0,8.21341907687505e-05,0.015036120963060671
0.000686404369848751,0.0,0.00160429467031173,9.81208420619029e-05,0.0,0.0,0.0,0.00616943625879217,0.00658113135751752,0.0,7.072219972708091e-05,0.015210109698259155
0.0007278795621318179,0.0,0.0016871611303952,0.000116775843352277,0.0,0.0,0.0,0.0069872950077637394,0.00587778372506768,0.0,6.1891639497302e-05,0.015458786908208016
0.0007710901883035059,0.0,0.00177949570696935,0.000139396427543504,0.0,0.0,0.0,0.00793784673024345,0.00518670077877419,0.0,5.34409130113366e-05,0.015867970744845333
0.0008244242990343451,0.0,0.0018831875723625301,0.000164798470866777,0.0,0.0,0.0,0.00895684773972215,0.00458995160606994,0.0,4.56763870756414e-05,0.016464886075131382
0.000876226651807321,0.0,0.00198313056054412,0.000195495280847339,0.0,0.0,0.0,0.00993506203527469,0.0040818659596276,0.0,3.97918367781695e-05,0.01711157232487924
0.000926704272066359,0.0,0.00209135090276666,0.00023130229419347597,0.0,0.0,0.0,0.0109566090909093,0.0036012551331432,0.0,3.5675450399396e-05,0.017842897143478392
0.000981722148076451,0.0,0.00221661713237203,0.000271982530342752,0.0,0.0,0.0,0.0120147376490706,0.00319194514945198,0.0,3.26933975169427e-05,0.018709698006830755
0.00103644603942677,0.0,0.00235634432575258,0.000320828274793219,0.0,0.0,0.0,0.0131856309997509,0.00280338625520357,0.0,2.86551081647333e-05,0.01973129100309177
0.00109437285469769,0.0,0.00250419706722603,0.000376628582269968,0.0,0.0,0.0,0.014384286745151001,0.0024661822602983197,0.0,2.59313237799026e-05,0.02085159883342291
0.00114190261431494,0.0,0.0026569732574462396,0.00043988421880009103,0.0,0.0,0.0,0.0155727627793387,0.00219701781908422,0.0,2.43651500543405e-05,0.022032905839038528
0.00118195179703598,0.0,0.00280474446233842,0.000510707921727472,0.0,0.0,0.0,0.0167916187370174,0.00195919719842897,0.0,2.24199482998212e-05,0.023270640064848063
0.0012097031603751599,0.0,0.00295478054800926,0.000596351731479762,0.0,0.0,0.0,0.018107765745406998,0.0017350437081441801,0.0,2.08035235611573e-05,0.024624448416976516
0.00122277845064181,0.0,0.00309904808898168,0.000694144159400621,0.0,0.0,0.0,0.0194780293875739,0.00153420471593408,0.0,1.84614688625886e-05,0.02604666627139468
0.00121802464328453,0.0,0.00321937457151973,0.000802702870259479,0.0,1.17115211871481e-05,0.0,0.0207614252997406,0.00137175090739177,0.0,1.7247197803387303e-05,0.027402237011186645
0.0011908307865588698,0.0,0.00331481602594994,0.000924480769018965,0.0,1.3835745091071699e-05,0.0,0.0219649253738706,0.00123247572959896,0.0,1.66254669859394e-05,0.028657989897074347
0.00114241237287659,0.0,0.0033728717915216698,0.00106864270988725,0.0,1.4707872511674401e-05,0.0,0.0230085412161302,0.0010951698240153,0.0,1.39725633436861e-05,0.02971631835028637
0.00106114055615574,0.0,0.00338945060709556,0.0012281040245602,0.0,1.68709620075689e-05,0.0,0.023775616058093998,0.0009685552830423449,0.0,1.2541949645542e-05,0.030452279440600954
0.000973015298359656,0.0,0.00335907766746338,0.00139626910114424,0.0,2.0198870933311302e-05,0.0,0.0241306254881992,0.000862555563020102,0.0,1.18724626095802e-05,0.030753614451729465
0.000872760239312375,0.0,0.00329111871613648,0.00158352148296922,0.0,2.27231121219888e-05,0.0,0.0240555216968552,0.000767773605397284,0.0,1.02868888245181e-05,0.030603705741617065
0.0007687430404320231,0.0,0.0031761272561087396,0.0018083338931998698,0.0,2.56371362846483e-05,1.25064552934815e-05,0.0234915663400486,0.000682785467492339,0.0,9.10058185011799e-06,0.029974800170709817
0.000656561855553818,0.0,0.0030254716809671603,0.00205798217736867,0.0,2.9055606148293104e-05,1.3025820437455901e-05,0.0224546146548711,0.000604284375580948,0.0,7.87043449955032e-06,0.028848866605426994
0.0005636593968637821,0.0,0.0028691996366358,0.00231670097134977,0.0,3.42997580756293e-05,1.45640240913418e-05,0.0210712909031393,0.000537862415449172,0.0,0.0,0.027407577105604795
0.00048151321933688495,0.0,0.0027041790664158604,0.0026011554489887697,0.0,3.96328096752114e-05,1.62375625682364e-05,0.0194514810574527,0.00048430405406407,0.0,0.0,0.025778503218501732
0.00041350019068414303,0.0,0.00252280331067297,0.00293517224094562,0.0,4.50546157855371e-05,1.80786728428367e-05,0.0175417212033333,0.000434182129494838,0.0,0.0,0.023910512363759247
0.00035206525385549,0.0,0.0023502966112477898,0.0032961223211589,0.0,5.17596097079766e-05,2.01418649667154e-05,0.015567276997478001,0.00038671793935299303,0.0,0.0,0.022024380597767866
0.000308504784913332,0.0,0.00220461066696571,0.00367312270185596,0.0,5.9340037431977796e-05,2.17447636385654e-05,0.013784015470916,0.00034863797728904304,0.0,0.0,0.02039997640301059
0.000274873472868127,0.0,0.00208446979827714,0.0041017845624334295,0.0,6.78425720831797e-05,2.29073164281683e-05,0.0121773229902332,0.000316512643870381,0.0,0.0,0.019045713356193626
0.000249172929913058,0.0,0.00197816243872937,0.0045942787015764396,0.0,7.82572764784672e-05,2.5750326592235802e-05,0.0106894185464333,0.000286784529274755,0.0,0.0,0.017901824748997625
0.00022699263114648598,0.0,0.0018884467553192102,0.0051202810164903394,0.0,9.077014031924491e-05,2.89329723932937e-05,0.00941993143532611,0.000259946458592165,0.0,0.0,0.01703530140958685
0.000210177777348774,0.0,0.0018207160197107,0.00567109342441283,0.0,0.00010453809723459499,3.09560967777163e-05,0.008426401955788159,0.000235980250281189,0.0,0.0,0.016499863621553965
0.00019520808636218102,0.0,0.00176401728702628,0.006261197835405571,0.0,0.000119328103880595,3.36216013070016e-05,0.00758052255730468,0.00021638926469113302,0.0,0.0,0.016170284735977442
0.000181413961754014,0.0,0.00171277182784093,0.006889227468017771,0.0,0.00013656191360790701,3.66655447108948e-05,0.0068738723575877,0.000201134727342657,0.0,0.0,0.016031647800861873
0.000168637406585336,0.0,0.00166690290804757,0.00758872056421751,0.0,0.00015666826563629098,3.98530011341497e-05,0.00624504692253565,0.00018455269566961002,0.0,0.0,0.016050381763826116
0.000155256244027785,0.0,0.00162376306127119,0.00829067357784142,0.0,0.000177887945852434,4.30240662364567e-05,0.00566849677771784,0.000167463833018875,0.0,0.0,0.016126565505966
0.000143186666636126,0.0,0.00158047114852382,0.00897737263143785,0.0,0.000201509262354072,4.630725436667e-05,0.00514859991153655,0.000154963568330999,0.0,0.0,0.016252410443186087
0.000131352935758232,0.0,0.0015363242999564,0.00967371300233471,0.0,0.00022951780203999902,5.06706798806677e-05,0.00465613663271606,0.000144650185920029,0.0,0.0,0.016422365538606095
0.00012095948162524,0.0,0.00148959717515125,0.0103557095783517,0.0,0.000262725036194295,5.6853765209797605e-05,0.00417084921062833,0.000134176695427898,0.0,0.0,0.01659087094258851
0.00011128792822416799,0.0,0.0014438773001473,0.0109807735250838,0.0,0.000300172758493348,6.222980657862471e-05,0.00371659942403814,0.000124741271586231,0.0,8.50246808676323e-06,0.016748184482238377
0.000103476976816482,0.0,0.0014047946213163699,0.0115203839326879,0.0,0.000339818460214096,6.728215319985551e-05,0.00331749431948615,0.00011853614328088899,0.0,8.30518702787468e-06,0.01688009179402962
9.70735667175213e-05,0.0,0.00137121527557653,0.0119761676416767,0.0,0.000382822261617516,7.388677213607409e-05,0.00293943333226733,0.000114315148694444,0.0,9.439991172033301e-06,0.01696435398985815
9.21751589571993e-05,0.0,0.00134217031693223,0.0123098487679288,0.0,0.000433913424773936,8.11658099440529e-05,0.0025695401384865603,0.000107532503008689,0.0,1.1586344248211e-05,0.01694793246427968
8.81690275773184e-05,0.0,0.00131882455110924,0.0125077136827295,0.0,0.0004927921714427269,8.99985479544537e-05,0.0022359813930977602,0.000100146666972431,0.0,1.45547725509311e-05,0.01684818081343436
8.581538034015509e-05,0.0,0.00130662115586763,0.0125553262955691,0.0,0.000554291719951547,9.91807913497703e-05,0.00196993558719097,9.675202754226541e-05,0.0,1.7415622189203e-05,0.01668533858000064
8.45011977198734e-05,0.0,0.00130422501278152,0.0124594682346246,0.0,0.0006221156318054691,0.000109125227600348,0.0017438449688805802,9.3285892340878e-05,0.0,2.03981090411846e-05,0.016436964274794453
8.41977444688955e-05,0.0,0.00130934342955518,0.0122198012052222,0.0,0.0006970341560053769,0.000121483731235779,0.0015512643902715199,8.916851615695791e-05,0.0,2.44858098950974e-05,0.016096778982811002
8.47180806791234e-05,0.0,0.00132282297352325,0.0118257078025333,0.0,0.000783581965391246,0.00013519488373531002,0.00137552393524645,8.413607101753041e-05,0.0,2.89034579800695e-05,0.01564058917010628
8.529586756019259e-05,0.0,0.0013422942418846301,0.0113299180954491,0.0,0.000878522011320597,0.000149883194902831,0.00122663081934427,7.97503857472345e-05,0.0,3.34385510775116e-05,0.015125733167286368
8.65287527074755e-05,0.0,0.00136821758481864,0.0107587933094171,0.0,0.000975825548251876,0.000166438130106806,0.00110950068909653,7.783310797627621e-05,0.0,3.93707098321924e-05,0.014582507832206897
8.807584336569591e-05,0.0,0.00139759077075372,0.0101291378100649,0.0,0.00108535478362131,0.000184111869822031,0.00100664714308691,7.4717856461323e-05,0.0,4.69673276675305e-05,0.01401260340484342
8.9974368432576e-05,0.0,0.0014306947064800198,0.0094179837392618,0.0,0.00120979350949258,0.000205019397998133,0.000907984321980942,7.09602546886095e-05,0.0,5.58233057651535e-05,0.013388233604099815
9.27229198538318e-05,0.0,0.0014694280598365,0.00871168715399181,0.0,0.0013425692938741599,0.00022893683213874501,0.000819127740177501,6.791367678013321e-05,0.0,6.59696884531349e-05,0.012798355365105816
9.58349522816864e-05,0.0,0.00150933713160935,0.00806238521802288,0.0,0.0014832699538103599,0.000255047763141394,0.000746013707980588,6.565417328064e-05,0.0,7.77651688255177e-05,0.012295308068952415
0.000100124028499938,0.0,0.00155455708421483,0.0074444118199890295,0.0,0.00163544132725195,0.000285027257014252,0.000678259349690283,6.36112403180417e-05,0.0,9.201131207843621e-05,0.01185344341905676
0.000105340383561242,0.0,0.0016039764026564301,0.00683263135465818,0.0,0.00180234095835333,0.000319467488824481,0.000606421670554537,6.0893528808473e-05,0.0,0.00010881896412226801,0.011439890751538942
0.00011180421868068401,0.0,0.00165365781154964,0.00626799720887203,0.0,0.00198121922211105,0.000357848683350926,0.0005429117298159019,5.79567067289991e-05,0.0,0.000127274803705128,0.01110067038481436
0.0001196793294033,0.0,0.00170536641542869,0.00578391766299679,0.0,0.00216375150362358,0.00039918817887184504,0.000491336525449885,5.66342307531901e-05,0.0,0.000150259386500557,0.010870133233027837
0.000128902695139475,0.0,0.0017616009813911,0.00534501364330679,0.0,0.0023537508108044,0.000446312672056717,0.00044050172293379404,5.5188575015654e-05,0.0,0.000176719053092328,0.010707990153740259
0.000139564474567516,0.0,0.0018186924435116103,0.0049488291096778,0.0,0.00255088785839364,0.0004976860639759519,0.000393489250965458,5.22617370068106e-05,0.0,0.000206137314142933,0.010607548252241722
0.000151900861755143,0.0,0.00188240413563305,0.00456785431175902,0.0,0.00276357167607792,0.000556968124705267,0.000350740855417306,5.04564624507886e-05,0.0,0.00024097547064176603,0.010564871898440261
0.000166893132555623,0.0,0.0019511113919884,0.00421300117762373,0.0,0.00297630086318847,0.0006238194349684879,0.000312369337017957,4.9172891735257795e-05,0.0,0.000280313082080426,0.010572981311158353
0.000182748793592676,0.0,0.00201705444363281,0.00390517812037889,0.0,0.00318544126942471,0.0006943237661207259,0.00028149269975974504,4.795782173372879e-05,0.0,0.000324071037567737,0.010638267952211023
0.000200217574606948,0.0,0.00208429432281633,0.00361767109262166,0.0,0.0033953746195648,0.0007722188463054401,0.00025398344560655496,4.69846278694745e-05,0.0,0.000371623929080804,0.010742368458472012
0.000218708675392726,0.0,0.00215484900195233,0.00333039984552989,0.0,0.00360272797639236,0.000860291642585927,0.000228888907689448,4.5479317584524396e-05,0.0,0.000427508416251436,0.010868853783378641
0.00024048102050459503,0.0,0.00222562706134154,0.00305970026090911,0.0,0.0038061762035183,0.000956259172096533,0.000207535613140255,4.4756743030280996e-05,0.0,0.000489308357316598,0.011029844431857212
0.000262569752504505,0.0,0.0022974264248002397,0.0028132608430424103,0.0,0.00399059324379255,0.0010583046357876698,0.00018894056438418602,4.36312856991724e-05,0.0,0.000553785869771299,0.011208512619782035
0.00028597910389397205,0.0,0.0023705483004872,0.00258088901867778,0.0,0.004164464260383111,0.00117091186553385,0.000172787525448461,4.19031088043341e-05,0.0,0.000625274319380286,0.011412757502608995
0.000310853416532849,0.0,0.00244034185659503,0.00235783173043354,0.0,0.00432465187903201,0.00129230115519422,0.00015837253708861102,4.11113200474824e-05,0.0,0.000699913930305208,0.011625377825228952
0.000337297051721118,0.0,0.00251082085520226,0.00214275127448477,0.0,0.00446570059906145,0.00142782697162767,0.000146012984323589,4.08054339569677e-05,0.0,0.000783559120449476,0.0118547742908273
0.000365762370914483,0.0,0.00258160591847399,0.0019459260023184301,0.0,0.0045772444773010705,0.0015742700203352099,0.000135722444779846,4.04398139181591e-05,0.0,0.000871783999058747,0.012092755047099933
0.000394219969914002,0.0,0.0026542129252561603,0.0017712662721045699,0.0,0.00466634223197346,0.00172466807299658,0.000125420277085201,3.96993916697576e-05,0.0,0.0009633933833718471,0.012339222524371578
0.000423315460931495,0.0,0.0027244735309269897,0.00161120019037308,0.0,0.00472995542302341,0.00188121998422394,0.000116293222635971,3.88107376641711e-05,0.0,0.00106171383522675,0.012586982385005805
0.00045367939988880194,0.0,0.0027920632073849603,0.0014586760547234301,0.0,0.00475398304870405,0.00205368473321284,0.000106630145313236,3.86716288050132e-05,0.0,0.00116447375595111,0.012821861973983441
0.0004851776220784,0.0,0.00286197021292425,0.00132086075543739,0.0,0.0047530465247356294,0.0022328274750870103,9.867530700154509e-05,3.8714225097833706e-05,0.0,0.00126977399956604,0.013061046121928098
0.0005162912257315389,0.0,0.00293056399088304,0.0012050952668446,0.0,0.00472882952874867,0.00241137017223173,9.3287034710195e-05,3.81081218218718e-05,0.0,0.0013759358451087302,0.013299481186080377
0.0005472860193869559,0.0,0.0029938806924958102,0.0011021114128413698,0.0,0.00467218668897185,0.00259649512214134,8.612863172658299e-05,3.72089529238519e-05,0.0,0.0014842696171655401,0.013519567137653302
0.000578319650846212,0.0,0.0030587109734321,0.00100903811758646,0.0,0.00459212645451197,0.00278327275260702,8.0435884134452e-05,3.68584493443373e-05,0.0,0.0015919882511496802,0.01373075053361223
0.000609475268827968,0.0,0.00312630213911545,0.0009209709474123241,0.0,0.0044828931902505705,0.00297703566978117,7.52806049800369e-05,3.60270849363931e-05,0.0,0.00170322671300201,0.013931211618305923
0.0006414328327847941,0.0,0.0031911625281854,0.0008416590973605879,0.0,0.00435368572112804,0.00316862744879529,7.027847419500971e-05,3.5486862048616794e-05,0.0,0.0018133767538984398,0.014115709718396176
0.000672317151917951,0.0,0.00325295447020056,0.000774519881689394,0.0,0.0042122744307381,0.00335011651095618,6.63398453171458e-05,3.47630677628244e-05,0.0,0.0019150607466814898,0.014278346105263646
0.0007023036295263179,0.0,0.00331711728781998,0.000712172285317215,0.0,0.00405978437348272,0.0035260109381856797,6.37080585791026e-05,3.3478461828256796e-05,0.0,0.00201785952956081,0.014432434564300082
0.000731594587159879,0.0,0.00337966910947512,0.000651091785874014,0.0,0.00388621405928886,0.0036930117483909204,6.0849718489682104e-05,3.2939458630288204e-05,0.0,0.00212290501554354,0.014558275482852302
0.000761691521103582,0.0,0.0034397339312592697,0.000597675089942625,0.0,0.0037087057876565702,0.00385216441486675,5.8312722277426e-05,3.2927609925969395e-05,0.0,0.00222104448336615,0.014672255560398344
0.000789793738357064,0.0,0.003502344918613,0.000550007746759975,0.0,0.0035385659562447297,0.00399595313796399,5.68879325569255e-05,3.31917756947743e-05,0.0,0.0023146049341947602,0.01478135014038522
0.000816708446114616,0.0,0.0035647746090586,0.000504804217003328,0.0,0.00336299682859034,0.0041169137916652,5.47368447171668e-05,3.27451220268108e-05,0.0,0.0024015833217414,0.014855263180917462
0.000843292059143096,0.0,0.0036260545598769795,0.000463133885722666,0.0,0.00318255838666252,0.00422413080934531,5.2673634138726503e-05,3.19819567375842e-05,0.0,0.00248605904750983,0.014909884339136713
0.000869297304770215,0.0,0.00368720151973052,0.000424367959763708,0.0,0.0030077258352895,0.00431275466970629,5.0927300155074104e-05,3.14244078513188e-05,0.0,0.00256959098711308,0.014953289984379704
0.0008941840621526051,0.0,0.00374944860374906,0.000389591360991164,0.0,0.0028453858586072,0.004376134003942871,4.930221013369221e-05,3.1530523659496e-05,0.0,0.00264539696507341,0.014980973588309498
0.000916968842115677,0.0,0.00381083901841804,0.000356131074785317,0.0,0.00268235240611924,0.00441664836214025,4.70180857072815e-05,3.07284375743057e-05,0.0,0.00271196988993837,0.014972656116798478
0.000939236914035865,0.0,0.0038724816767883898,0.000326889741326716,0.0,0.00252917619640385,0.00443320965513157,4.51248224051506e-05,2.9561901736046002e-05,0.0,0.00277655613069836,0.014952237038525945
0.000960439091155793,0.0,0.0039367197926533,0.000299291798435839,0.0,0.00237868492446662,0.00442239374552904,4.40930885688187e-05,2.90210703517031e-05,0.0,0.00283551558183834,0.014906159092999452
0.000980638870942679,0.0,0.0039984732736363104,0.000273750751918772,0.0,0.00223257229770889,0.0043903085371368,4.37662762443628e-05,2.8824135046761304e-05,0.0,0.00288780352549235,0.014836137668126926
0.000999328999413479,0.0,0.0040616310957628295,0.000252511464834913,0.0,0.00209799172909357,0.00434112155359351,4.2884335516523206e-05,2.8919519910640804e-05,0.0,0.00293922747077714,0.014763616168902606
0.00101809432450782,0.0,0.0041275105405761,0.000233177731962311,0.0,0.00197390366272678,0.0042752060655476,4.14888059214787e-05,2.8486616046596302e-05,0.0,0.00298638589564931,0.014684253642937996
0.00103509268787424,0.0,0.0041909498016609,0.000214977287301047,0.0,0.00185645455561026,0.00419243148978702,4.1044493998765995e-05,2.73963340340587e-05,0.0,0.00302742287961668,0.014585769529882971
0.00105035640425079,0.0,0.00425725549053879,0.000197293250915422,0.0,0.0017377948565318,0.00408507954649879,3.96168486820594e-05,2.7074916081414497e-05,0.0,0.00306024051234904,0.014454711825848105
0.00106576704718706,0.0,0.00432460588904347,0.000181760465485471,0.0,0.00162489138973804,0.00396451918859571,3.815526570845129e-05,2.6759214409654103e-05,0.0,0.0030924025272519398,0.014318860987419798
0.00107901694730656,0.0,0.0043924007916189,0.000167512774178464,0.0,0.0015232055967290099,0.00383994233190669,3.83480268466325e-05,2.59061342864464e-05,0.0,0.00312747996700652,0.014193812569879224
0.00109271595660102,0.0,0.0044580516356859,0.00015530178864371101,0.0,0.00142614842069854,0.0037061120133409296,3.80237838414904e-05,2.5828535679771104e-05,0.0,0.0031549906576786397,0.014057172792170003
0.00110518593844474,0.0,0.00452517702533327,0.00014455393053224,0.0,0.00133039976645995,0.00356264484215856,3.5989361715747704e-05,2.5496724954471103e-05,0.0,0.0031769747615028,0.013906422351101781
0.00111572309592655,0.0,0.0045965085971811205,0.00013394472034032,0.0,0.00124024753893667,0.00341272820905345,3.43371626767943e-05,2.50274224996892e-05,0.0,0.0031968273459143,0.013755344092528893
0.00112581586318686,0.0,0.00466908286974282,0.000124302800155905,0.0,0.00115818248194855,0.0032661681091728603,3.4832267615072803e-05,2.42450386435369e-05,0.0,0.0032115566924773103,0.013614186122942917
0.0011349323670216199,0.0,0.00473584165486869,0.000115335680031869,0.0,0.00107917561550164,0.00311988702791421,3.41166718045318e-05,2.40798165614091e-05,0.0,0.0032250314218943603,0.013468400255598329
0.00114279510072028,0.0,0.004803039293389,0.000107915876832492,0.0,0.00100535215872659,0.0029711185565757,3.31224859656366e-05,2.42548525349012e-05,0.0,0.00323897626246319,0.01332657458720779
0.00115075896972793,0.0,0.0048754623758715705,9.995987166500809e-05,0.0,0.000932912997260617,0.00282245904155543,3.26294076060189e-05,2.3647857610081e-05,0.0,0.00324950114169487,0.013187331662991526
0.00115647152553612,0.0,0.00494220070246647,9.22854357567527e-05,0.0,0.0008653328719789,0.0026752788810688,3.21216328700815e-05,2.26226879757233e-05,0.0,0.0032544415166396302,0.013040755254292479
0.00116204867921478,0.0,0.00501281276318254,8.642440743300171e-05,0.0,0.0008051911422980309,0.00253749032015033,3.1768568345260304e-05,2.1927307780476898e-05,0.0,0.00326237310755231,0.012920036295956729
0.00116764969330037,0.0,0.00508516034019954,8.074001883549e-05,0.0,0.000746811413052632,0.00240720283162909,3.06322791643044e-05,2.2585097245854e-05,0.0,0.00326624634084955,0.01280702801427683
0.00117176290093404,0.0,0.005157514496833529,7.593728121868159e-05,0.0,0.000693186341760887,0.0022797562982150897,3.04966524875097e-05,2.22499125990771e-05,0.0,0.00326816727328488,0.012699071157333694
0.00117471142246754,0.0,0.00522779816209687,7.039172720664559e-05,0.0,0.0006421888060793191,0.0021531721199419,3.01468287532583e-05,2.1250318803181e-05,0.0,0.00326788477045438,0.012587544155803094
0.00117828408297614,0.0,0.00529760793640005,6.51464117461658e-05,0.0,0.00059439786114923,0.00203207356532533,2.89128443997273e-05,2.12969106083431e-05,0.0,0.0032684766808890302,0.012486196293494017
0.00118148395826518,0.0,0.00537171872746319,6.12665683066089e-05,0.0,0.000551318709211128,0.0019211278682592602,2.89916770231757e-05,2.106923613354e-05,0.0,0.0032691259769599603,0.012406102721622042
0.0011839007349313,0.0,0.005444782283846279,5.762177614775229e-05,0.0,0.000511705229856431,0.00181307473008394,2.89398109607073e-05,2.0829818955498397e-05,0.0,0.00326425298818975,0.012325107372971659
0.00118599210124272,0.0,0.00551834692913095,5.50040385040386e-05,0.0,0.000475717104884362,0.0017098718892769199,2.81826961283495e-05,2.08780622955992e-05,0.0,0.00326214807668682,0.012256140898149758
0.00118763193774241,0.0,0.00559314256149823,5.12943968512341e-05,0.0,0.000442556090412546,0.00161118558279792,2.8259397584582697e-05,2.03234072010333e-05,0.0,0.00326105229773132,0.012195445671819276
0.00118823809377848,0.0,0.00566668195584769,4.7061826424441605e-05,0.0,0.000410695475062657,0.0015147265348070401,2.7785471791464195e-05,1.98704100791734e-05,0.0,0.00325309507387175,0.012128154841662697
0.00118884669095164,0.0,0.00574158747502837,4.5016355753681604e-05,0.0,0.000381254216706907,0.0014250705943487801,2.63505563072219e-05,1.97272460683474e-05,0.0,0.0032446049104935698,0.012072458045658518
0.00118932332812893,0.0,0.00581514519456782,4.31066241712219e-05,0.0,0.000353581655435963,0.00134160671062675,2.66340174837633e-05,1.8991901063529802e-05,0.0,0.00323812985108207,0.01202651928256005
0.00119002991872415,0.0,0.0058913462636174104,4.084873358125829e-05,0.0,0.000327583803614622,0.00126267353168228,2.6589938556865197e-05,1.9091625834478896e-05,0.0,0.00323182935554443,0.011989993171155493
0.00118949720673261,0.0,0.00597243161306935,3.81491494509289e-05,0.0,0.00030399839604288196,0.00118390959941312,2.6161845013552e-05,1.93368340905668e-05,0.0,0.00322435851127715,0.011957843155090162
0.00118886303398993,0.0,0.00604803813660511,3.61923904200796e-05,0.0,0.000282503187407065,0.00110889486963588,2.62058209260471e-05,1.87508035663789e-05,0.0,0.00321247589720199,0.01192192413975248
0.00118853485692204,7.2612861491375e-06,0.0061235356609032204,3.53264576149415e-05,0.0,0.00026281342221739704,0.00103996474445618,2.5908538507089e-05,1.8593662340620897e-05,0.0,0.00320103401130277,0.011902972640413395
0.0011878566118816599,8.83571059569536e-06,0.006203367395894371,3.36615612869573e-05,0.0,0.00024385922165637403,0.0009743000880099789,2.57711779063505e-05,1.8721091182711998e-05,0.0,0.0031918789430071303,0.011888251801421227
0.0011865060156962099,1.07995582842163e-05,0.00628191463936435,3.22782789265443e-05,0.0,0.00022600593592149904,0.000912639753127497,2.53946039234921e-05,1.8678107542400698e-05,0.0,0.00318375382887083,0.011877970721657041
0.0011852134752982802,1.3062666721534401e-05,0.00636146912083682,3.06784926937313e-05,0.0,0.000209880695986629,0.000852932677791414,2.5353546429633498e-05,1.80076600178916e-05,0.0,0.00317535359524149,0.011871951931017425
0.00118326700344753,1.5826287383425e-05,0.00644027303117955,2.93918001082294e-05,0.0,0.00019486606189729,0.000795555337172503,2.4737497496863e-05,1.7566427514622598e-05,0.0,0.0031622744464812,0.011863757892681214
0.00118129143798,1.98606561798599e-05,0.00652062178163756,2.8441905078820698e-05,0.0,0.000180677960079827,0.000744440686184896,2.40115531463593e-05,1.7600233092933102e-05,0.0,0.00314804830575515,0.011864994519135405
0.0011796530728993301,2.43150023897917e-05,0.0066031028987172296,2.67868937749173e-05,0.0,0.00016820328417844,0.0006959921030728401,2.34466922323305e-05,1.73671896835728e-05,0.0,0.0031351474434222603,0.011874014580370712
0.00117718722446244,2.91695394314445e-05,0.0066806731979433395,2.5806901182815698e-05,0.0,0.00015645288714918502,0.000650363875249354,2.36748094167474e-05,1.72330856074806e-05,0.0,0.00312341411964268,0.011883975640085486
0.00117506893694807,3.5282613907964705e-05,0.00676500489969736,2.49570747102147e-05,0.0,0.00014528048639962098,0.000607639662662698,2.39120839818992e-05,1.71676242338779e-05,0.0,0.00310798325386703,0.011902296636408734
0.00117227942714694,4.3748251714250296e-05,0.00685131338342248,2.3921717657870302e-05,0.0,0.00013490214500861298,0.0005672190354884861,2.32245862443826e-05,1.65648268049835e-05,0.0,0.00309198152957506,0.011925154903063067
0.00116908207280859,5.36780031484559e-05,0.00692981249427532,2.31659881027868e-05,0.0,0.000125685010798104,0.000529258277112766,2.30400905455886e-05,1.62627236900983e-05,0.0,0.00307776550240093,0.01194775016288264
0.00116585053170424,6.45097576502602e-05,0.00701346881606928,2.25945678954216e-05,0.0,0.00011710159000188601,0.000494489712586271,2.35929292444673e-05,1.6116066650605302e-05,0.0,0.00306044359236883,0.011978167564171261
0.00116259710941749,7.76604416911636e-05,0.0070957120260251,2.26296510204151e-05,0.0,0.000109095231299081,0.000463404570093413,2.32164315361559e-05,1.5911847808917e-05,0.0,0.00304476650297377,0.012014993811865503
0.0011600182212021801,9.35230201750979e-05,0.0071781169124916794,2.15318135508515e-05,0.0,0.00010170597738725,0.000432866361326284,2.3639160191754198e-05,1.60346758994838e-05,0.0,0.00302838677635806,0.012055822918582641
0.0011552444210888699,0.00011154771719678501,0.0072654367261471,2.0272952662073497e-05,0.0,9.44203176280032e-05,0.000403828600445922,2.31953163304871e-05,1.58975946755955e-05,0.0,0.00301027943287235,0.012100123079047188
0.00115178928786839,0.00013182540759374,0.0073520998252223,2.0345720621070397e-05,0.0,8.843716447536641e-05,0.00037792364570082,2.1534597272151998e-05,1.57635639666293e-05,0.0,0.00299234295537341,0.012152062168093877
0.0011477092225959998,0.000156095179090471,0.00743786681232301,1.9442990100009e-05,0.0,8.27990343029478e-05,0.000353834517466327,2.1522439860278e-05,1.54217713822995e-05,0.0,0.00297248143000548,0.012207173397126821
0.0011434722907153199,0.00018276333744694098,0.00752189068915734,1.87990983759099e-05,0.0,7.74926292474025e-05,0.000331449096184694,2.23219779029779e-05,1.4892348019648199e-05,0.0,0.0029532257058622,0.012266307172912433
0.00113850105722756,0.00021348980321576202,0.00760107208186025,1.87465101725035e-05,0.0,7.21366098316222e-05,0.000308913541528368,2.19792618567221e-05,1.4914901642452401e-05,0.0,0.00292773301077975,0.01231748677811499
0.00113308119282183,0.000248114174635851,0.0076869468528578296,1.8234186272215197e-05,0.0,6.73146088786215e-05,0.000287540074802452,2.14531875086901e-05,1.4969234375452802e-05,1.0524893775023101e-05,0.0029034675112061896,0.012391645917134155
0.0011282994904470698,0.000284990188207423,0.007775896841906659,1.72259762402647e-05,0.0,6.32048790844375e-05,0.00026974782267177004,2.1485218933240198e-05,1.4964795632303198e-05,1.2281699762775099e-05,0.0028855281451216,0.012473625058007542
0.0011229732040496198,0.00032713472266549903,0.007858920481100441,1.6664299888860098e-05,0.0,5.904456846365289e-05,0.00025244400901479704,2.1090150290223998e-05,1.4459336629440101e-05,1.45600820082521e-05,0.0028638169653200604,0.012551107819430845
0.00111733728755786,0.000374805853660209,0.00794309473898694,1.62994164364209e-05,0.0,5.506998644741279e-05,0.000235710515010185,2.04939504009755e-05,1.42292902540169e-05,1.71799489719007e-05,0.00283813173689609,0.01263235272462201
0.00111186246919588,0.000428181344823575,0.00803218778546538,1.60616498276289e-05,0.0,5.15684588617028e-05,0.000219807631135552,2.0451526018985898e-05,1.46429091316518e-05,1.9404303684740697e-05,0.00281427379383328,0.012728441871978378
0.0011057178727622802,0.000487444472003306,0.00811814868939715,1.59465950261024e-05,0.0,4.84699434211356e-05,0.000205695375680854,2.0115956534038198e-05,1.4210518793384501e-05,2.20800642485299e-05,0.0027885989123981603,0.01282642840026494
0.00109976434260867,0.000552633373662383,0.00819557240151455,1.5471640466789302e-05,0.0,4.53851422761339e-05,0.000192838326722293,1.9278425484892498e-05,1.40105152987675e-05,2.59868393759475e-05,0.00276215269472745,0.012923093702137876
0.00109311132666675,0.0006226234892519981,0.00827705298105241,1.60152546376038e-05,0.0,4.2474438979704e-05,0.000179981200512059,1.9106955876356197e-05,1.38626659278795e-05,3.04976884656781e-05,0.0027383137117773,0.013033039713147737
0.0010864091811388199,0.000699199508264554,0.0083661109051243,1.58023399268745e-05,0.0,3.9692611627275396e-05,0.000168489043485725,1.88738026568408e-05,1.37598998193298e-05,3.52942025023609e-05,0.0027093413769102197,0.013152972871456298
0.00108056223014685,0.0007871530307329031,0.008450199224806979,1.4928315256128e-05,0.0,3.7068822260467205e-05,0.000157060999315742,1.8922759529213198e-05,1.3451291855810199e-05,4.1134843556072104e-05,0.00268126860820039,0.013281750125660553
0.00107307238455448,0.0008844990518329349,0.00852684111853036,1.4714779502880899e-05,0.0,3.49651209515275e-05,0.000146343198922009,1.9183924826854603e-05,1.32016813669996e-05,4.71790154992061e-05,0.0026567979053407397,0.013416798181327991
0.00106581317003059,0.000989930633970412,0.008607176106255209,1.40725259878113e-05,0.0,3.31339655907212e-05,0.000137108515906826,1.95525140955045e-05,1.3522074159241699e-05,5.35166965941507e-05,0.0026280186868289997,0.013561844889419465
0.00105890973139121,0.00110583049294678,0.00869048659807678,1.36799294958431e-05,0.0,3.0970245307837896e-05,0.000128217984862398,1.91454872522316e-05,1.3082224196125999e-05,6.14948106733912e-05,0.00259742725493622,0.01371924475913882
0.0010509748461142699,0.00123604499836106,0.00876925904711009,1.35761404496688e-05,0.0,2.91047601849755e-05,0.00012008353905680501,1.83646986957554e-05,1.24715571427963e-05,6.965045192696429e-05,0.0025711464295881396,0.013890676468630523
0.0010432574994911198,0.0013847760745543099,0.008848254540706741,1.2975563174056401e-05,0.0,2.7568983924380394e-05,0.00011228660301683101,1.76829043275667e-05,1.2782072944370098e-05,7.7673633485936e-05,0.00254453468930943,0.014081792564934742
0.00103495463580467,0.0015503982360034901,0.00892440068246886,1.26959423379679e-05,0.0,2.60568470912879e-05,0.000104645379979852,1.8014221771017e-05,1.28814905622019e-05,8.80272663846012e-05,0.0025126407190626397,0.014284715421466587
0.00102684229529578,0.00173193715684371,0.008996152525712859,1.3158507952947599e-05,1.2906584834686399e-05,2.4970116746081e-05,9.806604356975251e-05,1.7590259251470402e-05,1.2423394513810901e-05,9.980405757480759e-05,0.00248187855839019,0.014515729500686097
0.00101825365073945,0.0019315519228006602,0.009061007328772441,1.32414462814313e-05,1.45418385192298e-05,2.3664047426605102e-05,9.229926202034301e-05,1.67693358818206e-05,1.2301507316390199e-05,0.000112697837645029,0.0024496456746445103,0.01474597385204791
0.0010093431413244099,0.00214913285394432,0.009128106317649909,1.26204126862412e-05,1.58869990940539e-05,2.16270539523256e-05,8.626109433800309e-05,1.7240354263320903e-05,1.21828393473212e-05,0.000126683121068747,0.00241738465447234,0.014996468842140991
0.0010005706824682099,0.00237868969794875,0.00919623738985149,1.2590347480457598e-05,1.7683635531022197e-05,2.03835984769765e-05,8.06497395159909e-05,1.76888362556388e-05,1.25398163998561e-05,0.00014028778570086101,0.00238942202688062,0.015266743556509876
0.000991799201882206,0.00262604002606121,0.00925558984982059,1.22647979399405e-05,2.0122373278871898e-05,1.96339408775578e-05,7.573047604316391e-05,1.7174715340910698e-05,1.25089019492632e-05,0.000157277796697282,0.00235631961796665,0.01554446169785765
0.00098124718480572,0.0028707720934441,0.00931163074913228,1.18565792685259e-05,2.29006571643547e-05,1.84809796815026e-05,7.11713530878203e-05,1.58283035156884e-05,1.2330653148572801e-05,0.00017630770418473402,0.0023201620767900103,0.015812688334223307
0.000971923432495933,0.00308668732873926,0.00937117183971146,1.1695941424115302e-05,2.5293872801119e-05,1.7743159539757398e-05,6.68140654201246e-05,1.58338495469432e-05,1.2250038159416802e-05,0.00019626557977721999,0.0022910638027518397,0.016066742910367186
0.0009621791200996949,0.00326489399987094,0.009425142667988141,1.1489532801756402e-05,2.7785388840690003e-05,1.73226331138506e-05,6.27304120831359e-05,1.64365987717009e-05,1.14548863922673e-05,0.00021970840012873501,0.0022574783789680803,0.01627662201905899
0.00095219032977369,0.00338378174879268,0.00946995087714429,1.13182117688395e-05,3.0974143677387396e-05,1.64972166847331e-05,5.8950458628026096e-05,1.67539202598011e-05,1.0689979420357598e-05,0.00024495354362831403,0.00222263424046904,0.01641869467024716
0.0009420676888458561,0.0034219540509262,0.009512965951739191,1.14574587365063e-05,3.5208333022338796e-05,1.5514551210829002e-05,5.5376076213619494e-05,1.61701696885349e-05,1.11882103762157e-05,0.000273307639813432,0.0021915921298011,0.016486802260373825
0.000931441925470599,0.0033639653270298602,0.00955212828297211,1.1565301449847501e-05,3.93268998209128e-05,1.4804222559446302e-05,5.21795504313224e-05,1.53025515084972e-05,1.17480739993074e-05,0.000306212735131383,0.00215777513704046,0.016456450007413748
0.0009213489012903721,0.00320388229316545,0.00958391550268606,1.10383180115739e-05,4.36227609680461e-05,1.3942415054987398e-05,4.86915531131596e-05,1.54720002642918e-05,1.12030588031274e-05,0.000341566542029302,0.0021228146330467103,0.016317497978433078
0.000910577399525221,0.00295732988911118,0.00961701036950249,1.07982878784226e-05,4.9314893575824e-05,1.33687814965118e-05,4.59403699734621e-05,1.5608470483251198e-05,0.0,0.000380193736067954,0.00208914143687985,0.01608928363449417
0.0008998618238970971,0.00265462257260195,0.00964910961824993,0.0,5.45913381199587e-05,1.31131380944507e-05,4.3459952258009206e-05,1.57131455513902e-05,1.0428663309996499e-05,0.000424842082779634,0.0020542901534569397,0.01582003248831936
0.0008893878856261311,0.00232306832121711,0.009670917265552241,1.1148031174537599e-05,6.00764909176907e-05,1.23821600058031e-05,4.11806575420396e-05,1.55232462138015e-05,1.1242842764627099e-05,0.000472076971879075,0.00202113833789148,0.015528142210784537
0.00087823157798687,0.00197663561148747,0.00968781888993657,1.1039000817796401e-05,6.69938992322056e-05,1.17023466610841e-05,3.8827614555148205e-05,1.5114353162317801e-05,1.15079134037898e-05,0.000524658070323672,0.00198818275898792,0.01521071203655484
0.000866771892366044,0.00165713751436244,0.009704163819490321,0.0,7.465958717314599e-05,1.13494059426238e-05,3.61929107805479e-05,1.4447336704458301e-05,1.0828903548465899e-05,0.000583751000630117,0.0019514410374244602,0.014910743408422626
0.000855795839360046,0.00138841754529013,0.00971602875297751,0.0,8.332774703895771e-05,1.1038267237531098e-05,3.42625612224165e-05,1.42582666948632e-05,1.07590001518863e-05,0.000647676487910054,0.0019172426403429,0.014678807108226295
0.000844920507798165,0.0011580899914101302,0.009718963758674159,0.0,9.28867729272891e-05,1.06843792171071e-05,3.22133817956815e-05,1.4203725472861802e-05,1.0481252106263302e-05,0.000717827707932184,0.0018840681671159101,0.014484339644449751
0.0008337362977824679,0.0009682319838408381,0.00972225602359415,0.0,0.000103174567980202,1.0320444154159e-05,3.05025726322907e-05,0.0,1.0181115600252001e-05,0.000792524463721091,0.00185142524840283,0.014322352717708278
0.0008221963406058269,0.000807905089280237,0.00971977944499261,0.0,0.00011517055343201399,1.01971132677954e-05,2.89627912152448e-05,0.0,1.03581491875364e-05,0.000879114871788816,0.00181846533763227,0.01421214969140235
0.000810147827620722,0.000673101865838895,0.009707241037373741,0.0,0.000128721070701995,9.75498928626022e-06,2.73269883461594e-05,0.0,1.06158399257865e-05,0.000972700013352293,0.00178558488872814,0.014125194521173992
0.000798748478793062,0.0005649881241787559,0.00969833532426294,9.356501224001041e-06,0.00014347000166878,9.27509601318279e-06,2.55761778172035e-05,0.0,1.0552967664643401e-05,0.0010699649745291699,0.00175267546748141,0.014082943113633149
0.0007872775400359059,0.000475282938057336,0.00968373448943023,0.0,0.000160360926651777,8.64766678944386e-06,2.4057879468924302e-05,0.0,0.0,0.00117702556340546,0.00171731302665016,0.014033700030489234
0.000775936491865558,0.000399801756158838,0.009663044236690841,0.0,0.000178975458077961,8.56747638711424e-06,2.31627071330025e-05,0.0,0.0,0.00129337866666435,0.0016865213910439,0.014029388184021566
0.000764331287257886,0.000336681664403102,0.009639022930854559,9.38261016562769e-06,0.00019928466855405802,8.43525747939344e-06,2.1899370327484198e-05,0.0,0.0,0.00141851671938376,0.0016532886211061198,0.01405084312953199
0.0007527015022128849,0.000282141586897694,0.0096107407647456,0.0,0.00022318905570838798,7.91444052650679e-06,2.05445025948243e-05,0.0,1.01977064729861e-05,0.00155694989254567,0.0016181122300229,0.014082491681727453
0.0007404517842190519,0.000235820429312423,0.00957893423792854,9.08005551101437e-06,0.000250005760616825,7.90542334068114e-06,1.9539778474289802e-05,0.0,0.0,0.00170488979290855,0.00158634433180726,0.014132971594118637
0.000728887325427701,0.000198096069630969,0.00954213843510163,0.0,0.000278765963471665,7.912128834487959e-06,1.85139930684177e-05,0.0,0.0,0.0018590520096461898,0.00155528854955684,0.0141886544747379
0.000717794681077531,0.000166301456848834,0.009502706113973441,0.0,0.000310692831942704,7.56399468588322e-06,1.76801857822178e-05,0.0,0.0,0.00202326011674245,0.00152478911195112,0.014270788493004182
0.000706389114779666,0.000140332901699282,0.00945966563157041,0.0,0.00034581048361647597,6.978474371449679e-06,1.67660362303045e-05,0.0,0.0,0.00219593927202764,0.00149273946581551,0.014364621380110737
0.0006950365535257,0.000118400629532268,0.00941598479388151,0.0,0.000384062290584956,0.0,1.60519928081539e-05,0.0,0.0,0.0023819797308074603,0.0014618037610589802,0.01447331975219903
0.000683652062539524,0.000100487899400485,0.009367930071486091,0.0,0.00042816694250265297,0.0,1.5437570036614003e-05,0.0,0.0,0.00258748873451669,0.0014325373826274,0.014615700663109455
0.0006718440579997321,8.563062923247109e-05,0.00931109583628974,0.0,0.00047716959418987997,0.0,1.45361547841618e-05,0.0,0.0,0.00280511170229606,0.00140474657886336,0.014770134553655407
0.0006609904600586219,7.2513251974252e-05,0.009252560426611229,0.0,0.0005305707756045099,6.7386577662236504e-06,1.3969532252187399e-05,0.0,0.0,0.00303651535232413,0.00137656347255407,0.014950421929145224
0.000650020975991815,6.21317209221204e-05,0.00919588688587648,0.0,0.000591148966671182,0.0,1.3372317241504401e-05,0.0,0.0,0.00329127252712892,0.00134711787168973,0.015150951265521753
0.0006392010257279861,5.402529472492e-05,0.00913803885729399,0.0,0.0006564738055585419,0.0,1.24181897739938e-05,0.0,0.0,0.0035722466384659705,0.00131820919609321,0.015390613007638611
0.000628354526777385,4.56387755382378e-05,0.009071332214779659,0.0,0.0007269303962162071,0.0,1.2235706031425e-05,0.0,0.0,0.00388212492157644,0.0012891262302128698,0.015655742771132224
0.0006175527896706731,3.89552433019757e-05,0.00899715105586381,0.0,0.00080680662279175,0.0,1.20942858100518e-05,0.0,0.0,0.00422810187085751,0.0012590902053854801,0.015959752073681253
0.000606267141331691,3.37925388800522e-05,0.00892214257500124,0.0,0.000895068677837202,0.0,1.0957054519071302e-05,0.0,0.0,0.00460276033920213,0.00122922337982657,0.016300211706597956
0.000595649833012257,2.89771298242531e-05,0.00885083029970688,0.0,0.000991088041761645,0.0,1.01898712936923e-05,0.0,0.0,0.005004885282346071,0.0012045314283556,0.016686151886300397
0.000585176310586876,2.5637479893398198e-05,0.0087736592191391,0.0,0.00109678430409653,0.0,9.93094751540587e-06,0.0,0.0,0.00543744181200651,0.0011811022458652,0.01710973231910302
0.0005750037616436111,2.25157973141462e-05,0.00869427149096295,0.0,0.0012150161161324,0.0,9.87527548537343e-06,0.0,0.0,0.00589007860339318,0.00115455127242738,0.01756131231735904
0.000564689290612184,1.95457310645648e-05,0.00861388489132307,0.0,0.0013454997553143302,0.0,9.484553420960691e-06,0.0,0.0,0.0063496441603876205,0.00112939201938574,0.01803214040150847
0.000554247341776413,1.7050601794298097e-05,0.00852681154213795,0.0,0.00149167091960779,0.0,9.01621324220855e-06,0.0,0.0,0.00681809265380802,0.0011047292769992,0.01852161854936588
0.000543804089132485,1.4905424001725198e-05,0.00843498356775071,0.0,0.00165411356417762,0.0,8.83076661351622e-06,0.0,0.0,0.00726540313058537,0.00107853580834347,0.019000576350604897
0.000533901405999958,1.32368898071159e-05,0.00834999481201725,0.0,0.00182877767087032,0.0,8.6875730291494e-06,0.0,0.0,0.00766250877766262,0.00105459098903081,0.019451698118417224
0.000524119172459263,1.13038149604311e-05,0.00825788479475837,0.0,0.00201809347972637,0.0,7.98104495149783e-06,0.0,0.0,0.008000209667623121,0.00103050004776315,0.019850092022242204
0.000513885239469231,9.837478663598989e-06,0.00816360861581523,0.0,0.0022209998072811802,0.0,0.0,0.0,0.0,0.00824262098315155,0.0010074658024415198,0.020158417926822308
0.000504363984345417,9.38392519408037e-06,0.008070674568675459,0.0,0.00243417391470302,0.0,0.0,0.0,0.0,0.00838610471758832,0.000987111024045328,0.020391812134551622
0.000494894873329588,0.0,0.007967419195950459,0.0,0.0026670302439866104,0.0,0.0,0.0,0.0,0.00840641418502362,0.000962561004914398,0.020498319503204677
0.000484795825252841,7.626769423088921e-06,0.00786639983383447,0.0,0.00291624495381239,0.0,0.0,0.0,0.0,0.0082815195137041,0.0009386923785221381,0.020495279274549028
0.00047531225928895595,0.0,0.007765177291025641,0.0,0.00317207432740956,0.0,6.80488020615167e-06,0.0,0.0,0.00802111119293231,0.000917389624281306,0.020357869575143923
0.00046592776975460596,0.0,0.0076581860869981404,0.0,0.00344278422545319,0.0,0.0,0.0,0.0,0.007626694919231809,0.000895967543885248,0.02008956054532299
0.00045679958352755194,0.0,0.007556893530648391,0.0,0.0037375112729825205,0.0,0.0,0.0,0.0,0.00712568037908775,0.000875369619595693,0.019752254385841907
0.000447633815110728,0.0,0.0074555703294899404,0.0,0.004056962252611471,0.0,0.0,0.0,0.0,0.0065380710430449395,0.0008563017310543009,0.01935453917131138
0.00043867999590447405,0.0,0.0073446655655971796,0.0,0.00441478552978937,0.0,0.0,0.0,0.0,0.00586145289410828,0.0008356324079759309,0.018895216393375235
0.000429487458269093,0.0,0.00723780676799285,0.0,0.00481613349498299,0.0,0.0,0.0,0.0,0.0051660552083492,0.000812907571032884,0.018462390500627014
0.000420778226552877,0.0,0.00712432341008,0.0,0.00525072966690923,0.0,0.0,0.0,0.0,0.004501745685845679,0.000794767520932412,0.0180923445103202
0.00041201845481995497,0.0,0.00701364769996618,0.0,0.00573629504076406,0.0,0.0,0.0,0.0,0.00386842572084279,0.000776451003159439,0.017806837919552423
0.00040353637858007795,0.0,0.0069051840109293295,0.0,0.0062727881627862294,0.0,0.0,0.0,0.0,0.00329613382011953,0.000756664736591259,0.017634307109006424
0.00039520404755153396,0.0,0.0067908380070848704,0.0,0.00686058962127799,0.0,0.0,0.0,0.0,0.00279399102842657,0.000737232853368693,0.017577855557709656
0.000386730068849713,0.0,0.0066765782787711605,0.0,0.00752269575634329,0.0,0.0,0.0,0.0,0.00235291192918308,0.000718877287838384,0.01765779332098563
0.00037819630565876097,0.0,0.00656266219110783,0.0,0.008234930046789029,0.0,0.0,0.0,0.0,0.00198219450075003,0.0007005914620197349,0.017858574506325386
0.000369856782976743,0.0,0.00644995239306707,0.0,0.00898104280660776,0.0,0.0,0.0,0.0,0.0016772778425920198,0.000684117125618303,0.018162246950861893
0.00036211675778001403,0.0,0.00633785223744676,0.0,0.009772871683434109,0.0,0.0,0.0,0.0,0.00141789985007746,0.000669428644689854,0.018560169173428197
0.00035437933462164397,0.0,0.00622177739784684,0.0,0.0105883836817628,0.0,0.0,0.0,0.0,0.00119986238857285,0.0006504462476535509,0.019014849050457684
0.00034651165424411296,0.0,0.00610879056190144,0.0,0.0114207533290994,0.0,0.0,0.0,0.0,0.00101921013315956,0.0006340780804012451,0.019529343758805755
0.00033882236432412796,0.0,0.00599497498511238,0.0,0.0122855271506852,0.0,0.0,0.0,0.0,0.000862130680409403,0.000619086521991229,0.02010054170252234
0.000331044878612354,0.0,0.0058756891179034395,0.0,0.0131394185021062,0.0,0.0,0.0,0.0,0.0007305295549006651,0.0006018434520861031,0.02067852550560876
0.000323730303883651,0.0,0.00575986834487265,0.0,0.0139322739581278,0.0,0.0,0.0,0.0,0.0006230285792956991,0.000587183143755427,0.021226084329935228
0.000316604990966919,0.0,0.00564564488535238,0.0,0.0146550896645432,0.0,0.0,0.0,0.0,0.0005298401967681691,0.000571631822349177,0.021718811559979845
0.000309665603697031,0.0,0.00553848056647327,0.0,0.015229625096044998,0.0,0.0,0.0,0.0,0.00045013231680229805,0.000556297357193243,0.022084200940210845
0.000302638363508995,0.0,0.005431984862841571,0.0,0.0155642552092821,0.0,0.0,0.0,0.0,0.00038300421161623196,0.00054287053846671,0.022224753185715606
0.000295746153279003,0.0,0.0053175650247704,0.0,0.0155734593349722,0.0,0.0,0.0,0.0,0.00032794457073534304,0.000529193292472359,0.02204390837622931
0.000289069464332608,0.0,0.00520581799381971,0.0,0.015160083870915,0.0,0.0,0.0,0.0,0.000281274279226436,0.000514412456172586,0.021450658064466336
0.000282181036422997,0.0,0.00510018831754265,0.0,0.0143108091149268,0.0,0.0,0.0,0.0,0.000240553450048854,0.000501410056001238,0.020435141974942537
0.000275851021294172,0.0,0.004992142251066821,0.0,0.013105245506817,0.0,0.0,0.0,0.0,0.00020636016515515,0.000489301094068688,0.01906890003840183
0.000269692730701508,0.0,0.00488780065872137,0.0,0.011641173023678002,0.0,0.0,0.0,0.0,0.00017677795242094499,0.00047633364696709503,0.017451778012488917
0.000263584421882469,0.0,0.00478648884467178,0.0,0.0100639741316942,0.0,0.0,0.0,0.0,0.00015293141743737,0.000464214849177516,0.015731193664863335
0.00025760962349047995,0.0,0.0046802547508822895,0.0,0.00851457095721287,0.0,0.0,0.0,0.0,0.000132773527427082,0.000452924749274884,0.014038133608287606
0.000251699113212411,0.0,0.00457766886623232,0.0,0.007098535538209,0.0,0.0,0.0,0.0,0.00011498487919604299,0.000440037255992412,0.012482925652842187
0.000245640617203812,0.0,0.00447233192183716,0.0,0.0058358501762137294,0.0,0.0,0.0,0.0,9.91169921118167e-05,0.000428148899271774,0.011081088606638293
0.000239731454516535,0.0,0.00437071557387226,0.0,0.00477530609817006,0.0,0.0,0.0,0.0,8.60994731690564e-05,0.000417658248301747,0.009889510848029658
0.00023413940135849702,0.0,0.00427538896852348,0.0,0.00394124960674883,0.0,0.0,0.0,0.0,7.628694379228671e-05,0.000407069212336147,0.008934134132759241
0.000228604426617313,0.0,0.0041765075717827204,0.0,0.00325378716964891,0.0,0.0,0.0,0.0,6.72015816548021e-05,0.000395483566455777,0.008121584316159522
0.000223074728164533,0.0,0.0040835990100105395,0.0,0.00268530435685297,0.0,0.0,0.0,0.0,5.85669892044405e-05,0.000385344485854848,0.007435889570087331
0.000218097912155162,0.0,0.003990441368492721,0.0,0.00222669857954132,0.0,0.0,0.0,0.0,5.12629294581183e-05,0.000375473416607987,0.006861974206255308
0.000212956473872003,0.0,0.00389497346360205,0.0,0.0018512573235799899,0.0,0.0,0.0,0.0,4.5029820572079705e-05,0.00036516704000628703,0.006369384121632409
0.000207598934014973,0.0,0.00380097883190655,0.0,0.00154155877273486,0.0,0.0,0.0,0.0,3.88425717455025e-05,0.000355906301480292,0.005944885411882177
0.000202603606855933,0.0,0.0037079879018296798,0.0,0.00129451004689195,0.0,0.0,0.0,0.0,3.44759495176997e-05,0.000345936016829854,0.005585513521925116
0.000197813273072026,0.0,0.00362443396394311,0.0,0.00109048260967146,0.0,0.0,0.0,0.0,3.14941394110029e-05,0.000336939320299291,0.00528116330639689
0.000193032744312979,0.0,0.0035382155057043702,0.0,0.000920682804149186,0.0,0.0,0.0,0.0,2.81986248167725e-05,0.000328888637756152,0.00500901831673946
0.00018862159959938502,0.0,0.00345114757681937,0.0,0.00077726069930918,0.0,0.0,0.0,0.0,2.4625372096724803e-05,0.000320503858021127,0.004762159105845786
0.00018413710121606598,0.0,0.0033725284248820103,0.0,0.00065791083265663,0.0,0.0,0.0,0.0,2.26612171620948e-05,0.000311985800431722,0.0045492233763485225
0.00017969107151786498,0.0,0.0032877017815831897,0.0,0.0005559849083781599,0.0,0.0,0.0,0.0,2.09267698510757e-05,0.00030329220361657405,0.004347596734946864
0.000175109691618238,0.0,0.00320452695567423,0.0,0.00046931810816017004,0.0,0.0,0.0,0.0,1.94463728336428e-05,0.000294441162957034,0.004162842291243314
0.000171199022250654,0.0,0.00312519556692237,0.0,0.00039968025121760696,0.0,0.0,0.0,0.0,1.73645561408115e-05,0.000288022491725141,0.004001461888256583
0.000166971496551602,0.0,0.0030435622528024397,0.0,0.000339392619363379,0.0,0.0,0.0,0.0,0.0,0.00028160970624748903,0.00383153607496491
0.000162985143868714,0.0,0.00297016660535772,0.0,0.000288160877179269,0.0,0.0,0.0,0.0,0.0,0.000274640326513671,0.003695952952919374
0.00015920711484029498,0.0,0.00289494927731607,0.0,0.00024616497052549905,0.0,0.0,0.0,0.0,0.0,0.000266118794288173,0.003566440156970037
0.00015529759622500902,0.0,0.00282277974495954,0.0,0.000210480410431273,0.0,0.0,0.0,0.0,0.0,0.000258190749827696,0.003446748501443518
0.000151998996134616,0.0,0.00275421481719195,0.0,0.000182564774318286,0.0,0.0,0.0,0.0,0.0,0.000251239997004263,0.0033400185846491153
0.000147977839099025,0.0,0.0026796002543825396,0.0,0.000160284597004846,0.0,0.0,0.0,0.0,0.0,0.00024506886460762,0.0032329315550940307
0.000144435003068374,0.0,0.00260951476274236,0.0,0.000139108885898796,0.0,0.0,0.0,0.0,0.0,0.00023958050296858598,0.0031326391546781162
0.000140705067328027,0.0,0.0025419273549434898,0.0,0.000122805567158049,0.0,0.0,0.0,0.0,0.0,0.000232603222741174,0.0030380412121707398
0.000137220022529869,0.0,0.00247664331837876,0.0,0.000109690357376724,0.0,0.0,0.0,0.0,0.0,0.00022696726433660099,0.0029505209626219542
0.00013426996877361898,0.0,0.00241351657921353,0.0,9.74467083152001e-05,0.0,0.0,0.0,0.0,0.0,0.00022170468549275802,0.002866937941795107
0.000130804944268603,0.0,0.0023483352173971697,0.0,8.61594490459734e-05,0.0,0.0,0.0,0.0,0.0,0.00021574902128898002,0.002781048632000726
0.000127413286580302,0.0,0.00228703631430196,0.0,7.493285514504631e-05,0.0,0.0,0.0,0.0,0.0,0.000210401821163178,0.002699784277190486
0.00012463486401804798,0.0,0.00222428768833475,0.0,6.6208142557581e-05,0.0,0.0,0.0,0.0,0.0,0.000203588880345101,0.00261871957525548
0.000121352522412298,0.0,0.0021606084989731103,0.0,5.7676342961804506e-05,0.0,0.0,0.0,0.0,0.0,0.000198592047662356,0.0025382294120095683
0.000118308817418293,0.0,0.0021038850876088397,0.0,5.08732284103617e-05,0.0,0.0,0.0,0.0,0.0,0.000194704427831206,0.0024677715612687005
0.00011542396500372399,0.0,0.00204675798418401,0.0,4.6397279481376e-05,0.0,0.0,0.0,0.0,0.0,0.000188568945800809,0.002397148174469919
0.000112539801433669,0.0,0.00198876362052645,0.0,4.06487140714959e-05,0.0,0.0,0.0,0.0,0.0,0.000183313261215191,0.0023252653972468057
0.00010965140829314399,0.0,0.00193416418666926,0.0,3.6806137147188896e-05,0.0,0.0,0.0,0.0,0.0,0.000178657565083785,0.002259279297193378
0.000106694522225531,0.0,0.0018803831958837398,0.0,3.38662846719232e-05,0.0,0.0,0.0,0.0,0.0,0.000173510682909978,0.002194454685691172
0.000104019217686639,0.0,0.0018279431514242898,0.0,2.9184433897811998e-05,0.0,0.0,0.0,0.0,0.0,0.000167788565606754,0.0021289353686154947
0.00010167512211895501,0.0,0.00177779224510387,0.0,2.65301779443175e-05,0.0,0.0,0.0,0.0,0.0,0.000162724472687167,0.0020687220178543094
9.878840907270071e-05,0.0,0.0017298360450831302,0.0,0.0,0.0,0.0,0.0,0.0,0.0,0.000157386494790578,0.0019860109489464087
9.660406129126229e-05,0.0,0.00168019468613947,0.0,0.0,0.0,0.0,0.0,0.0,0.0,0.00015435358635553,0.0019311523337862623
9.40509997513167e-05,0.0,0.00162675030504967,0.0,0.0,0.0,0.0,0.0,0.0,0.0,0.000151309331753564,0.0018721106365545506
9.11943281920257e-05,0.0,0.00158002404142112,0.0,0.0,0.0,0.0,0.0,0.0,0.0,0.00014665821387743102,0.0018178765834905766
8.88612779926014e-05,0.0,0.0015378067070879,0.0,0.0,0.0,0.0,0.0,0.0,0.0,0.000142918562514929,0.0017695865475954304
8.675710966101991e-05,0.0,0.0014928647657197,0.0,0.0,0.0,0.0,0.0,0.0,0.0,0.000140388318117998,0.001720010193498718
8.45065297535107e-05,0.0,0.00144705160255619,0.0,0.0,0.0,0.0,0.0,0.0,0.0,0.000137837714175555,0.0016693958464852558
8.23255658418158e-05,0.0,0.00140381816466114,0.0,0.0,0.0,0.0,0.0,0.0,0.0,0.000132179523694904,0.0016183232541978597
7.969035309751121e-05,0.0,0.0013615165307519599,0.0,0.0,0.0,0.0,0.0,0.0,0.0,0.00012579618590954398,0.001567003069759015
7.7497291119435e-05,0.0,0.00131828326440448,0.0,0.0,0.0,0.0,0.0,0.0,0.0,0.00012146767523427399,0.001517248230758189
7.54432292799712e-05,0.0,0.00128110666423254,0.0,0.0,0.0,0.0,0.0,0.0,0.0,0.00011877389463481699,0.0014753237881473282
7.36428813562425e-05,0.0,0.00124636977151751,0.0,0.0,0.0,0.0,0.0,0.0,0.0,0.000116573832556275,0.0014365864854300277
7.15851888467758e-05,0.0,0.00120585401265585,0.0,0.0,0.0,0.0,0.0,0.0,0.0,0.000113199319432971,0.0013906385209355968
6.945687607563389e-05,0.0,0.00116550131562373,0.0,0.0,0.0,0.0,0.0,0.0,0.0,0.000109462850595447,0.001344421042294811
6.760115573901021e-05,0.0,0.00113083333454625,0.0,0.0,0.0,0.0,0.0,0.0,0.0,0.000106183395248291,0.0013046178855335513
6.57021092076562e-05,0.0,0.00109892269132363,0.0,0.0,0.0,0.0,0.0,0.0,0.0,0.00010409514449909399,0.00126871994503038
6.42108600822833e-05,0.0,0.00106261170249961,0.0,0.0,0.0,0.0,0.0,0.0,0.0,0.000102386472052831,0.0012292090346347241
6.21560635233828e-05,0.0,0.00102666428071273,0.0,0.0,0.0,0.0,0.0,0.0,0.0,9.78805272829031e-05,0.001186700871519016
6.0556992984431e-05,0.0,0.0009994715953538331,0.0,0.0,0.0,0.0,0.0,0.0,0.0,9.5061412962846e-05,0.0011550900013011102
5.913527345681371e-05,0.0,0.0009684584675462279,0.0,0.0,0.0,0.0,0.0,0.0,0.0,9.30883884255834e-05,0.0011206821294286252
5.763044070919151e-05,0.0,0.000939977875075465,0.0,0.0,0.0,0.0,0.0,0.0,0.0,8.893341442069771e-05,0.0010865417302053542
5.60463213816066e-05,0.0,0.000915297300842832,0.0,0.0,0.0,0.0,0.0,0.0,0.0,8.699987140567109e-05,0.0010583434936301097
5.45714982107991e-05,0.0,0.0008860978399109929,0.0,0.0,0.0,0.0,0.0,0.0,0.0,8.50207333386978e-05,0.0010256900714604898
5.28115052594315e-05,0.0,0.000854356904710857,0.0,0.0,0.0,0.0,0.0,0.0,0.0,8.195170591358471e-05,0.0009891201158838733
5.11276554833504e-05,0.0,0.0008310394028203111,0.0,0.0,0.0,0.0,0.0,0.0,0.0,7.91781699945992e-05,0.0009613452282982607
5.0344997213963895e-05,0.0,0.000812330941693138,0.0,0.0,0.0,0.0,0.0,0.0,0.0,7.80408783031327e-05,0.0009407168172102346
4.9346342372426794e-05,0.0,0.000789034122341079,0.0,0.0,0.0,0.0,0.0,0.0,0.0,7.82713519416068e-05,0.0009166518166551126
4.7822419397232204e-05,0.0,0.000761767470794729,0.0,0.0,0.0,0.0,0.0,0.0,0.0,7.388129118573441e-05,0.0008834711813776957
4.6614160741007105e-05,0.0,0.000737925052845572,0.0,0.0,0.0,0.0,0.0,0.0,0.0,7.10777697982536e-05,0.0008556169833848327
4.53578855815901e-05,0.0,0.000718788912905871,0.0,0.0,0.0,0.0,0.0,0.0,0.0,6.979401758077621e-05,0.0008339408160682373
4.42374448889931e-05,0.0,0.000700572072097615,0.0,0.0,0.0,0.0,0.0,0.0,0.0,6.760407874330911e-05,0.0008124135957299172
4.3084700620465706e-05,0.0,0.000680615821698136,0.0,0.0,0.0,0.0,0.0,0.0,0.0,6.65375309803318e-05,0.0007902380532989336
4.20200413643609e-05,0.0,0.000662543135353344,0.0,0.0,0.0,0.0,0.0,0.0,0.0,6.521897496688461e-05,0.0007697821516845895
4.112259071861071e-05,0.0,0.000644111524230198,0.0,0.0,0.0,0.0,0.0,0.0,0.0,6.46506289406295e-05,0.0007498847438894383
3.99784965083351e-05,0.0,0.000623307911787001,0.0,0.0,0.0,0.0,0.0,0.0,0.0,6.415327527724571e-05,0.0007274396835725818
3.90023728655073e-05,0.0,0.0006046764765541769,0.0,0.0,0.0,0.0,0.0,0.0,0.0,6.11179532023222e-05,0.0007047968026220064
3.77050885462705e-05,0.0,0.000584977266863183,0.0,0.0,0.0,0.0,0.0,0.0,0.0,5.7996539469558704e-05,0.0006806788948790122
3.7019493309660996e-05,0.0,0.000570747989665971,0.0,0.0,0.0,0.0,0.0,0.0,0.0,5.59130396957902e-05,0.0006636805226714221
3.62762763242543e-05,0.0,0.000556150307388903,0.0,0.0,0.0,0.0,0.0,0.0,0.0,5.5721104137515794e-05,0.0006481476878506731
3.528914273968e-05,0.0,0.000538561982375741,0.0,0.0,0.0,0.0,0.0,0.0,0.0,5.4590255683447604e-05,0.0006284413807988685
3.44801951817472e-05,0.0,0.00052544164545768,0.0,0.0,0.0,0.0,0.0,0.0,0.0,5.2804669395792605e-05,0.0006127265100352199
3.3614450016863204e-05,0.0,0.000511068752460113,0.0,0.0,0.0,0.0,0.0,0.0,0.0,5.3557237060364295e-05,0.0005982404395373405
3.28368098157886e-05,0.0,0.000495576315837972,0.0,0.0,0.0,0.0,0.0,0.0,0.0,5.0019729300076096e-05,0.0005784328549538366
3.1867451218186104e-05,0.0,0.00048360760589909104,0.0,0.0,0.0,0.0,0.0,0.0,0.0,4.70345185734847e-05,0.0005625095756907618
3.1381678798112605e-05,0.0,0.00046971298539386905,0.0,0.0,0.0,0.0,0.0,0.0,0.0,5.06445947836974e-05,0.0005517392589756791
3.07377062549015e-05,0.0,0.00045472337186315705,0.0,0.0,0.0,0.0,0.0,0.0,0.0,4.873839335394e-05,0.0005341994714719986
2.95152229060241e-05,0.0,0.00044080026825399804,0.0,0.0,0.0,0.0,0.0,0.0,0.0,4.7432601805404605e-05,0.0005177480929654268
2.9054285312780397e-05,0.0,0.00042956236036013396,0.0,0.0,0.0,0.0,0.0,0.0,0.0,4.61894702777216e-05,0.0005048061159506359
2.80968807640717e-05,0.0,0.00041839096248900097,0.0,0.0,0.0,0.0,0.0,0.0,0.0,4.34876763609178e-05,0.0004899755196139905
2.72898514717474e-05,0.0,0.000403280324040881,0.0,0.0,0.0,0.0,0.0,0.0,0.0,4.30881730613647e-05,0.0004736583485739931
2.6920910832682897e-05,0.0,0.000390949385428427,0.0,0.0,0.0,0.0,0.0,0.0,0.0,4.31299712602569e-05,0.0004610002675213668
2.60600684872195e-05,0.0,0.00038103934805267203,0.0,0.0,0.0,0.0,0.0,0.0,0.0,4.22079414986794e-05,0.00044930735803857093
2.53089113810716e-05,0.0,0.000366424760882734,0.0,0.0,0.0,0.0,0.0,0.0,0.0,4.04509659327674e-05,0.000432184638196573
2.4742225540671e-05,0.0,0.000360802907145108,0.0,0.0,0.0,0.0,0.0,0.0,0.0,4.0132906419212204e-05,0.00042567803910499124
2.3949824469385e-05,0.0,0.00035590417981389504,0.0,0.0,0.0,0.0,0.0,0.0,0.0,3.9172550247728794e-05,0.00041902655453100886
2.32639337499005e-05,0.0,0.000340076227255022,0.0,0.0,0.0,0.0,0.0,0.0,0.0,3.69171428809976e-05,0.0004002573038859201
2.2847287040819e-05,0.0,0.00032844602022273503,0.0,0.0,0.0,0.0,0.0,0.0,0.0,3.74163359107916e-05,0.00038870964317434565
2.23585655176299e-05,0.0,0.000312809003763848,0.0,0.0,0.0,0.0,0.0,0.0,0.0,3.39440654826486e-05,0.0003691116347641265
2.0978138007594e-05,0.0,0.000304958986852698,0.0,0.0,0.0,0.0,0.0,0.0,0.0,3.14678213269458e-05,0.0003574049461872378
2.07771158648515e-05,0.0,0.000300247974784313,0.0,0.0,0.0,0.0,0.0,0.0,0.0,0.0,0.0003210250906491645
2.04987425964869e-05,0.0,0.000288194472720144,0.0,0.0,0.0,0.0,0.0,0.0,0.0,0.0,0.00030869321531663087
2.01211116526571e-05,0.0,0.000281510214772258,0.0,0.0,0.0,0.0,0.0,0.0,0.0,3.43729882746209e-05,0.000336004314699536
1.9869844949717103e-05,0.0,0.00027345278870570403,0.0,0.0,0.0,0.0,0.0,0.0,0.0,0.0,0.00029332263365542115
1.86396972739463e-05,0.0,0.00026355856622030296,0.0,0.0,0.0,0.0,0.0,0.0,0.0,0.0,0.00028219826349424926
1.9053278304048198e-05,0.0,0.00025788086775377003,0.0,0.0,0.0,0.0,0.0,0.0,0.0,0.0,0.00027693414605781824
1.7634187644697602e-05,0.0,0.000247164499505096,0.0,0.0,0.0,0.0,0.0,0.0,0.0,0.0,0.0002647986871497936
1.7468615638796303e-05,0.0,0.00023618243129545097,0.0,0.0,0.0,0.0,0.0,0.0,0.0,0.0,0.00025365104693424726
1.64971271309819e-05,0.0,0.000230573718984946,0.0,0.0,0.0,0.0,0.0,0.0,0.0,0.0,0.00024707084611592787
1.6948807477956303e-05,0.0,0.00023801062955099503,0.0,0.0,0.0,0.0,0.0,0.0,0.0,0.0,0.00025495943702895135
1.68600521929073e-05,0.0,0.000225995387725461,0.0,0.0,0.0,0.0,0.0,0.0,0.0,0.0,0.0002428554399183683
1.52954364700345e-05,0.0,0.000203088750133639,0.0,0.0,0.0,0.0,0.0,0.0,0.0,0.0,0.0002183841866036735
1.4753320912497101e-05,0.0,0.000197744931625668,0.0,0.0,0.0,0.0,0.0,0.0,0.0,0.0,0.0002124982525381651
1.4869976274587803e-05,0.0,0.000202589152724374,0.0,0.0,0.0,0.0,0.0,0.0,0.0,0.0,0.0002174591289989618
0.0,0.0,0.0,0.0,0.0,0.0,0.0,0.0,0.0,0.0,0.0,0.0
