IndexNumber_Target,CCT_Target,Duv_Target,Duv_signed,CIEu1960_Target,CIEv1960_Target,CIEu1976_Target,CIEv1976_Target
0,2700,0.00300000000000005,0.00300000000000005,0.261660427187746,0.354450467926018,0.261660427187746,0.531675701889027
1,2700,0.00600000000000005,0.00600000000000005,0.260826332875491,0.357332183852036,0.260826332875491,0.535998275778053
2,2700,0.00900000000000005,0.00900000000000005,0.259992238563237,0.360213899778054,0.259992238563237,0.54032084966708
3,2700,0.0120000000000001,0.0120000000000001,0.259158144250982,0.363095615704071,0.259158144250982,0.544643423556107
4,2700,0.015,0.015,0.258324049938728,0.365977331630089,0.258324049938728,0.548965997445134
5,2700,0.0180000000000002,0.0180000000000002,0.257489955626473,0.368859047556107,0.257489955626473,0.553288571334161
6,2700,0.0210000000000002,0.0210000000000002,0.256655861314219,0.371740763482125,0.256655861314219,0.557611145223187
7,2700,0.0240000000000002,0.0240000000000002,0.255821767001964,0.374622479408143,0.255821767001964,0.561933719112214
8,2700,0.0270000000000002,0.0270000000000002,0.25498767268971,0.377504195334161,0.25498767268971,0.566256293001241
9,2700,0.0300000000000002,0.0300000000000002,0.254153578377455,0.380385911260178,0.254153578377455,0.570578866890268
10,2700,0.0330000000000001,0.0330000000000001,0.253319484065201,0.383267627186196,0.253319484065201,0.574901440779294
11,2700,0.0360000000000001,0.0360000000000001,0.252485389752947,0.386149343112214,0.252485389752947,0.579224014668321
12,2700,0.0390000000000001,0.0390000000000001,0.251651295440692,0.389031059038232,0.251651295440692,0.583546588557348
13,2700,0.0420000000000001,0.0420000000000001,0.250817201128438,0.39191277496425,0.250817201128438,0.587869162446374
14,2700,0.0450000000000002,0.0450000000000002,0.249983106816183,0.394794490890268,0.249983106816183,0.592191736335401
15,2700,0.0480000000000002,0.0480000000000002,0.249149012503929,0.397676206816285,0.249149012503929,0.596514310224428
16,2700,0,0,0.2624945215,0.351568752,0.2624945215,0.527353128
17,2700,0.00300000000000005,-0.00300000000000005,0.263328615812254,0.348687036073982,0.263328615812254,0.523030554110973
18,2700,0.00600000000000005,-0.00600000000000005,0.264162710124509,0.345805320147965,0.264162710124509,0.518707980221947
19,2700,0.00900000000000005,-0.00900000000000005,0.264996804436763,0.342923604221947,0.264996804436763,0.51438540633292
20,2700,0.0120000000000001,-0.0120000000000001,0.265830898749018,0.340041888295929,0.265830898749018,0.510062832443893
21,2700,0.015,-0.015,0.266664993061272,0.337160172369911,0.266664993061272,0.505740258554866
22,2700,0.0180000000000002,-0.0180000000000002,0.267499087373527,0.334278456443893,0.267499087373527,0.50141768466584
23,2700,0.0210000000000002,-0.0210000000000002,0.268333181685781,0.331396740517875,0.268333181685781,0.497095110776813
24,2700,0.0240000000000002,-0.0240000000000002,0.269167275998036,0.328515024591857,0.269167275998036,0.492772536887786
25,2700,0.0270000000000002,-0.0270000000000002,0.27000137031029,0.32563330866584,0.27000137031029,0.488449962998759
26,2700,0.0300000000000002,-0.0300000000000002,0.270835464622545,0.322751592739822,0.270835464622545,0.484127389109733
27,2700,0.0330000000000001,-0.0330000000000001,0.271669558934799,0.319869876813804,0.271669558934799,0.479804815220706
28,2700,0.0360000000000001,-0.0360000000000001,0.272503653247054,0.316988160887786,0.272503653247054,0.475482241331679
29,2700,0.0390000000000001,-0.0390000000000001,0.273337747559308,0.314106444961768,0.273337747559308,0.471159667442653
30,2700,0.0420000000000001,-0.0420000000000001,0.274171841871562,0.311224729035751,0.274171841871562,0.466837093553626
31,2700,0.0450000000000002,-0.0450000000000002,0.275005936183817,0.308343013109733,0.275005936183817,0.462514519664599
32,2700,0.0480000000000002,-0.0480000000000002,0.275840030496071,0.305461297183715,0.275840030496071,0.458191945775572
33,2796,0.00300000000000007,0.00300000000000007,0.257461885937551,0.353175238708057,0.257461885937551,0.529762858062085
34,2796,0.00600000000000014,0.00600000000000014,0.256550886575102,0.356033573916114,0.256550886575102,0.534050360874171
35,2796,0.00900000000000011,0.00900000000000011,0.255639887212654,0.358891909124171,0.255639887212654,0.538337863686256
36,2796,0.0120000000000001,0.0120000000000001,0.254728887850205,0.361750244332228,0.254728887850205,0.542625366498342
37,2796,0.0150000000000002,0.0150000000000002,0.253817888487756,0.364608579540285,0.253817888487756,0.546912869310427
38,2796,0.0180000000000001,0.0180000000000001,0.252906889125307,0.367466914748342,0.252906889125307,0.551200372122512
39,2796,0.0210000000000001,0.0210000000000001,0.251995889762858,0.370325249956399,0.251995889762858,0.555487874934598
40,2796,0.0240000000000002,0.0240000000000002,0.251084890400409,0.373183585164456,0.251084890400409,0.559775377746683
41,2796,0.0270000000000001,0.0270000000000001,0.250173891037961,0.376041920372512,0.250173891037961,0.564062880558769
42,2796,0.0300000000000001,0.0300000000000001,0.249262891675512,0.378900255580569,0.249262891675512,0.568350383370854
43,2796,0.0330000000000002,0.0330000000000002,0.248351892313063,0.381758590788626,0.248351892313063,0.57263788618294
44,2796,0.0360000000000001,0.0360000000000001,0.247440892950614,0.384616925996683,0.247440892950614,0.576925388995025
45,2796,0.0390000000000001,0.0390000000000001,0.246529893588165,0.38747526120474,0.246529893588165,0.58121289180711
46,2796,0.0420000000000002,0.0420000000000002,0.245618894225717,0.390333596412797,0.245618894225717,0.585500394619196
47,2796,0.0450000000000001,0.0450000000000001,0.244707894863268,0.393191931620854,0.244707894863268,0.589787897431281
48,2796,0.0480000000000001,0.0480000000000001,0.243796895500819,0.396050266828911,0.243796895500819,0.594075400243366
49,2796,0,0,0.2583728853,0.3503169035,0.2583728853,0.52547535525
50,2796,0.00300000000000007,-0.00300000000000007,0.259283884662449,0.347458568291943,0.259283884662449,0.521187852437915
51,2796,0.00600000000000014,-0.00600000000000014,0.260194884024898,0.344600233083886,0.260194884024898,0.516900349625829
52,2796,0.00900000000000011,-0.00900000000000011,0.261105883387346,0.341741897875829,0.261105883387346,0.512612846813744
53,2796,0.0120000000000001,-0.0120000000000001,0.262016882749795,0.338883562667772,0.262016882749795,0.508325344001659
54,2796,0.0150000000000002,-0.0150000000000002,0.262927882112244,0.336025227459715,0.262927882112244,0.504037841189573
55,2796,0.0180000000000001,-0.0180000000000001,0.263838881474693,0.333166892251659,0.263838881474693,0.499750338377488
56,2796,0.0210000000000001,-0.0210000000000001,0.264749880837142,0.330308557043602,0.264749880837142,0.495462835565402
57,2796,0.0240000000000002,-0.0240000000000002,0.265660880199591,0.327450221835545,0.265660880199591,0.491175332753317
58,2796,0.0270000000000001,-0.0270000000000001,0.266571879562039,0.324591886627488,0.266571879562039,0.486887829941232
59,2796,0.0300000000000001,-0.0300000000000001,0.267482878924488,0.321733551419431,0.267482878924488,0.482600327129146
60,2796,0.0330000000000002,-0.0330000000000002,0.268393878286937,0.318875216211374,0.268393878286937,0.478312824317061
61,2796,0.0360000000000001,-0.0360000000000001,0.269304877649386,0.316016881003317,0.269304877649386,0.474025321504975
62,2796,0.0390000000000001,-0.0390000000000001,0.270215877011835,0.31315854579526,0.270215877011835,0.46973781869289
63,2796,0.0420000000000002,-0.0420000000000002,0.271126876374283,0.310300210587203,0.271126876374283,0.465450315880805
64,2796,0.0450000000000001,-0.0450000000000001,0.272037875736732,0.307441875379146,0.272037875736732,0.461162813068719
65,2796,0.0480000000000001,-0.0480000000000001,0.272948875099181,0.304583540171089,0.272948875099181,0.456875310256634
66,2901,0.00299999999999993,0.00299999999999993,0.253210597088929,0.351753413688838,0.253210597088929,0.527630120533257
67,2901,0.00599999999999996,0.00599999999999996,0.252217187877859,0.354584162377677,0.252217187877859,0.531876243566515
68,2901,0.00899999999999988,0.00899999999999988,0.251223778666788,0.357414911066515,0.251223778666788,0.536122366599772
69,2901,0.012,0.012,0.250230369455717,0.360245659755353,0.250230369455717,0.54036848963303
70,2901,0.015,0.015,0.249236960244647,0.363076408444192,0.249236960244647,0.544614612666287
71,2901,0.018,0.018,0.248243551033576,0.36590715713303,0.248243551033576,0.548860735699545
72,2901,0.0209999999999999,0.0209999999999999,0.247250141822505,0.368737905821868,0.247250141822505,0.553106858732802
73,2901,0.0239999999999999,0.0239999999999999,0.246256732611435,0.371568654510707,0.246256732611435,0.55735298176606
74,2901,0.027,0.027,0.245263323400364,0.374399403199545,0.245263323400364,0.561599104799318
75,2901,0.0299999999999999,0.0299999999999999,0.244269914189293,0.377230151888383,0.244269914189293,0.565845227832575
76,2901,0.0329999999999999,0.0329999999999999,0.243276504978223,0.380060900577222,0.243276504978223,0.570091350865833
77,2901,0.036,0.036,0.242283095767152,0.38289164926606,0.242283095767152,0.57433747389909
78,2901,0.039,0.039,0.241289686556081,0.385722397954898,0.241289686556081,0.578583596932348
79,2901,0.0419999999999999,0.0419999999999999,0.240296277345011,0.388553146643737,0.240296277345011,0.582829719965605
80,2901,0.045,0.045,0.23930286813394,0.391383895332575,0.23930286813394,0.587075842998863
81,2901,0.048,0.048,0.238309458922869,0.394214644021413,0.238309458922869,0.59132196603212
82,2901,0,0,0.2542040063,0.348922665,0.2542040063,0.5233839975
83,2901,0.00299999999999993,-0.00299999999999993,0.255197415511071,0.346091916311162,0.255197415511071,0.519137874466743
84,2901,0.00599999999999996,-0.00599999999999996,0.256190824722141,0.343261167622323,0.256190824722141,0.514891751433485
85,2901,0.00899999999999988,-0.00899999999999988,0.257184233933212,0.340430418933485,0.257184233933212,0.510645628400228
86,2901,0.012,-0.012,0.258177643144283,0.337599670244647,0.258177643144283,0.50639950536697
87,2901,0.015,-0.015,0.259171052355353,0.334768921555808,0.259171052355353,0.502153382333712
88,2901,0.018,-0.018,0.260164461566424,0.33193817286697,0.260164461566424,0.497907259300455
89,2901,0.0209999999999999,-0.0209999999999999,0.261157870777495,0.329107424178132,0.261157870777495,0.493661136267197
90,2901,0.0239999999999999,-0.0239999999999999,0.262151279988565,0.326276675489293,0.262151279988565,0.48941501323394
91,2901,0.027,-0.027,0.263144689199636,0.323445926800455,0.263144689199636,0.485168890200683
92,2901,0.0299999999999999,-0.0299999999999999,0.264138098410707,0.320615178111617,0.264138098410707,0.480922767167425
93,2901,0.0329999999999999,-0.0329999999999999,0.265131507621777,0.317784429422778,0.265131507621777,0.476676644134167
94,2901,0.036,-0.036,0.266124916832848,0.31495368073394,0.266124916832848,0.47243052110091
95,2901,0.039,-0.039,0.267118326043919,0.312122932045102,0.267118326043919,0.468184398067652
96,2901,0.0419999999999999,-0.0419999999999999,0.268111735254989,0.309292183356263,0.268111735254989,0.463938275034395
97,2901,0.045,-0.045,0.26910514446606,0.306461434667425,0.26910514446606,0.459692152001138
98,2901,0.048,-0.048,0.270098553677131,0.303630685978587,0.270098553677131,0.45544602896788
99,3017,0.00299999999999999,0.00299999999999999,0.248887456628189,0.350160778584458,0.248887456628189,0.525241167876687
100,3017,0.00600000000000002,0.00600000000000002,0.247805440956378,0.352958856868916,0.247805440956378,0.529438285303374
101,3017,0.00900000000000006,0.00900000000000006,0.246723425284568,0.355756935153374,0.246723425284568,0.533635402730061
102,3017,0.012,0.012,0.245641409612757,0.358555013437832,0.245641409612757,0.537832520156748
103,3017,0.015,0.015,0.244559393940946,0.36135309172229,0.244559393940946,0.542029637583435
104,3017,0.0180000000000001,0.0180000000000001,0.243477378269135,0.364151170006748,0.243477378269135,0.546226755010123
105,3017,0.021,0.021,0.242395362597324,0.366949248291206,0.242395362597324,0.55042387243681
106,3017,0.024,0.024,0.241313346925514,0.369747326575665,0.241313346925514,0.554620989863497
107,3017,0.027,0.027,0.240231331253703,0.372545404860123,0.240231331253703,0.558818107290184
108,3017,0.03,0.03,0.239149315581892,0.375343483144581,0.239149315581892,0.563015224716871
109,3017,0.033,0.033,0.238067299910081,0.378141561429039,0.238067299910081,0.567212342143558
110,3017,0.036,0.036,0.23698528423827,0.380939639713497,0.23698528423827,0.571409459570245
111,3017,0.039,0.039,0.235903268566459,0.383737717997955,0.235903268566459,0.575606576996932
112,3017,0.0419999999999999,0.0419999999999999,0.234821252894649,0.386535796282413,0.234821252894649,0.579803694423619
113,3017,0.045,0.045,0.233739237222838,0.389333874566871,0.233739237222838,0.584000811850306
114,3017,0.048,0.048,0.232657221551027,0.392131952851329,0.232657221551027,0.588197929276994
115,3017,0,0,0.2499694723,0.3473627003,0.2499694723,0.52104405045
116,3017,0.00299999999999999,-0.00299999999999999,0.251051487971811,0.344564622015542,0.251051487971811,0.516846933023313
117,3017,0.00600000000000002,-0.00600000000000002,0.252133503643622,0.341766543731084,0.252133503643622,0.512649815596626
118,3017,0.00900000000000006,-0.00900000000000006,0.253215519315432,0.338968465446626,0.253215519315432,0.508452698169939
119,3017,0.012,-0.012,0.254297534987243,0.336170387162168,0.254297534987243,0.504255580743252
120,3017,0.015,-0.015,0.255379550659054,0.33337230887771,0.255379550659054,0.500058463316564
121,3017,0.0180000000000001,-0.0180000000000001,0.256461566330865,0.330574230593252,0.256461566330865,0.495861345889877
122,3017,0.021,-0.021,0.257543582002676,0.327776152308793,0.257543582002676,0.49166422846319
123,3017,0.024,-0.024,0.258625597674486,0.324978074024336,0.258625597674486,0.487467111036503
124,3017,0.027,-0.027,0.259707613346297,0.322179995739877,0.259707613346297,0.483269993609816
125,3017,0.03,-0.03,0.260789629018108,0.319381917455419,0.260789629018108,0.479072876183129
126,3017,0.033,-0.033,0.261871644689919,0.316583839170961,0.261871644689919,0.474875758756442
127,3017,0.036,-0.036,0.26295366036173,0.313785760886503,0.26295366036173,0.470678641329755
128,3017,0.039,-0.039,0.264035676033541,0.310987682602045,0.264035676033541,0.466481523903068
129,3017,0.0419999999999999,-0.0419999999999999,0.265117691705351,0.308189604317587,0.265117691705351,0.462284406476381
130,3017,0.045,-0.045,0.266199707377162,0.305391526033129,0.266199707377162,0.458087289049694
131,3017,0.048,-0.048,0.267281723048973,0.302593447748671,0.267281723048973,0.453890171623006
132,3147,0.00300000000000004,0.00300000000000004,0.24445946287148,0.348361564808708,0.24445946287148,0.522542347213061
133,3147,0.00600000000000002,0.00600000000000002,0.24328159924296,0.351120665617415,0.24328159924296,0.526680998426122
134,3147,0.00900000000000001,0.00900000000000001,0.242103735614441,0.353879766426122,0.242103735614441,0.530819649639184
135,3147,0.012,0.012,0.240925871985921,0.35663886723483,0.240925871985921,0.534958300852245
136,3147,0.015,0.015,0.239748008357401,0.359397968043537,0.239748008357401,0.539096952065306
137,3147,0.018,0.018,0.238570144728881,0.362157068852245,0.238570144728881,0.543235603278367
138,3147,0.0209999999999999,0.0209999999999999,0.237392281100361,0.364916169660952,0.237392281100361,0.547374254491428
139,3147,0.024,0.024,0.236214417471842,0.36767527046966,0.236214417471842,0.55151290570449
140,3147,0.027,0.027,0.235036553843322,0.370434371278367,0.235036553843322,0.555651556917551
141,3147,0.03,0.03,0.233858690214802,0.373193472087075,0.233858690214802,0.559790208130612
142,3147,0.033,0.033,0.232680826586282,0.375952572895782,0.232680826586282,0.563928859343673
143,3147,0.036,0.036,0.231502962957762,0.37871167370449,0.231502962957762,0.568067510556734
144,3147,0.039,0.039,0.230325099329243,0.381470774513197,0.230325099329243,0.572206161769796
145,3147,0.0419999999999999,0.0419999999999999,0.229147235700723,0.384229875321904,0.229147235700723,0.576344812982857
146,3147,0.045,0.045,0.227969372072203,0.386988976130612,0.227969372072203,0.580483464195918
147,3147,0.048,0.048,0.226791508443683,0.389748076939319,0.226791508443683,0.584622115408979
148,3147,0,0,0.2456373265,0.345602464,0.2456373265,0.518403696
149,3147,0.00300000000000004,-0.00300000000000004,0.24681519012852,0.342843363191292,0.24681519012852,0.514265044786939
150,3147,0.00600000000000002,-0.00600000000000002,0.24799305375704,0.340084262382585,0.24799305375704,0.510126393573878
151,3147,0.00900000000000001,-0.00900000000000001,0.249170917385559,0.337325161573878,0.249170917385559,0.505987742360816
152,3147,0.012,-0.012,0.250348781014079,0.33456606076517,0.250348781014079,0.501849091147755
153,3147,0.015,-0.015,0.251526644642599,0.331806959956463,0.251526644642599,0.497710439934694
154,3147,0.018,-0.018,0.252704508271119,0.329047859147755,0.252704508271119,0.493571788721633
155,3147,0.0209999999999999,-0.0209999999999999,0.253882371899639,0.326288758339048,0.253882371899639,0.489433137508572
156,3147,0.024,-0.024,0.255060235528158,0.32352965753034,0.255060235528158,0.48529448629551
157,3147,0.027,-0.027,0.256238099156678,0.320770556721633,0.256238099156678,0.481155835082449
158,3147,0.03,-0.03,0.257415962785198,0.318011455912925,0.257415962785198,0.477017183869388
159,3147,0.033,-0.033,0.258593826413718,0.315252355104218,0.258593826413718,0.472878532656327
160,3147,0.036,-0.036,0.259771690042238,0.31249325429551,0.259771690042238,0.468739881443266
161,3147,0.039,-0.039,0.260949553670757,0.309734153486803,0.260949553670757,0.464601230230204
162,3147,0.0419999999999999,-0.0419999999999999,0.262127417299277,0.306975052678095,0.262127417299277,0.460462579017143
163,3147,0.045,-0.045,0.263305280927797,0.304215951869388,0.263305280927797,0.456323927804082
164,3147,0.048,-0.048,0.264483144556317,0.301456851060681,0.264483144556317,0.452185276591021
165,3292,0.00299999999999994,0.00299999999999994,0.239981278022039,0.346351700165426,0.239981278022039,0.51952755024814
166,3292,0.00599999999999999,0.00599999999999999,0.238701223344079,0.349064901230853,0.238701223344079,0.523597351846279
167,3292,0.00900000000000003,0.00900000000000003,0.237421168666118,0.351778102296279,0.237421168666118,0.527667153444419
168,3292,0.012,0.012,0.236141113988158,0.354491303361706,0.236141113988158,0.531736955042559
169,3292,0.015,0.015,0.234861059310197,0.357204504427132,0.234861059310197,0.535806756640698
170,3292,0.018,0.018,0.233581004632236,0.359917705492559,0.233581004632236,0.539876558238838
171,3292,0.021,0.021,0.232300949954276,0.362630906557985,0.232300949954276,0.543946359836978
172,3292,0.024,0.024,0.231020895276315,0.365344107623412,0.231020895276315,0.548016161435117
173,3292,0.027,0.027,0.229740840598355,0.368057308688838,0.229740840598355,0.552085963033257
174,3292,0.03,0.03,0.228460785920394,0.370770509754265,0.228460785920394,0.556155764631397
175,3292,0.033,0.033,0.227180731242434,0.373483710819691,0.227180731242434,0.560225566229536
176,3292,0.036,0.036,0.225900676564473,0.376196911885117,0.225900676564473,0.564295367827676
177,3292,0.039,0.039,0.224620621886512,0.378910112950544,0.224620621886512,0.568365169425816
178,3292,0.042,0.042,0.223340567208552,0.38162331401597,0.223340567208552,0.572434971023955
179,3292,0.045,0.045,0.222060512530591,0.384336515081397,0.222060512530591,0.576504772622095
180,3292,0.048,0.048,0.220780457852631,0.387049716146823,0.220780457852631,0.580574574220235
181,3292,0,0,0.2412613327,0.3436384991,0.2412613327,0.51545774865
182,3292,0.00299999999999994,-0.00299999999999994,0.242541387377961,0.340925298034574,0.242541387377961,0.51138794705186
183,3292,0.00599999999999999,-0.00599999999999999,0.243821442055921,0.338212096969147,0.243821442055921,0.507318145453721
184,3292,0.00900000000000003,-0.00900000000000003,0.245101496733882,0.335498895903721,0.245101496733882,0.503248343855581
185,3292,0.012,-0.012,0.246381551411842,0.332785694838294,0.246381551411842,0.499178542257441
186,3292,0.015,-0.015,0.247661606089803,0.330072493772868,0.247661606089803,0.495108740659302
187,3292,0.018,-0.018,0.248941660767764,0.327359292707441,0.248941660767764,0.491038939061162
188,3292,0.021,-0.021,0.250221715445724,0.324646091642015,0.250221715445724,0.486969137463022
189,3292,0.024,-0.024,0.251501770123685,0.321932890576588,0.251501770123685,0.482899335864883
190,3292,0.027,-0.027,0.252781824801645,0.319219689511162,0.252781824801645,0.478829534266743
191,3292,0.03,-0.03,0.254061879479606,0.316506488445736,0.254061879479606,0.474759732668603
192,3292,0.033,-0.033,0.255341934157566,0.313793287380309,0.255341934157566,0.470689931070464
193,3292,0.036,-0.036,0.256621988835527,0.311080086314883,0.256621988835527,0.466620129472324
194,3292,0.039,-0.039,0.257902043513488,0.308366885249456,0.257902043513488,0.462550327874184
195,3292,0.042,-0.042,0.259182098191448,0.30565368418403,0.259182098191448,0.458480526276045
196,3292,0.045,-0.045,0.260462152869409,0.302940483118603,0.260462152869409,0.454410724677905
197,3292,0.048,-0.048,0.261742207547369,0.300227282053177,0.261742207547369,0.450340923079765
198,3456,0.00299999999999997,0.00299999999999997,0.235429591008337,0.344091663035995,0.235429591008337,0.516137494553992
199,3456,0.00599999999999999,0.00599999999999999,0.234040320916674,0.34675059677199,0.234040320916674,0.520125895157984
200,3456,0.00899999999999996,0.00899999999999996,0.232651050825011,0.349409530507984,0.232651050825011,0.524114295761976
201,3456,0.012,0.012,0.231261780733349,0.352068464243979,0.231261780733349,0.528102696365969
202,3456,0.015,0.015,0.229872510641686,0.354727397979974,0.229872510641686,0.532091096969961
203,3456,0.018,0.018,0.228483240550023,0.357386331715969,0.228483240550023,0.536079497573953
204,3456,0.021,0.021,0.22709397045836,0.360045265451963,0.22709397045836,0.540067898177945
205,3456,0.024,0.024,0.225704700366697,0.362704199187958,0.225704700366697,0.544056298781937
206,3456,0.027,0.027,0.224315430275034,0.365363132923953,0.224315430275034,0.548044699385929
207,3456,0.03,0.03,0.222926160183372,0.368022066659948,0.222926160183372,0.552033099989922
208,3456,0.033,0.033,0.221536890091709,0.370681000395942,0.221536890091709,0.556021500593914
209,3456,0.036,0.036,0.220147620000046,0.373339934131937,0.220147620000046,0.560009901197906
210,3456,0.039,0.039,0.218758349908383,0.375998867867932,0.218758349908383,0.563998301801898
211,3456,0.042,0.042,0.21736907981672,0.378657801603927,0.21736907981672,0.56798670240589
212,3456,0.045,0.045,0.215979809725057,0.381316735339922,0.215979809725057,0.571975103009882
213,3456,0.048,0.048,0.214590539633395,0.383975669075916,0.214590539633395,0.575963503613874
214,3456,0,0,0.2368188611,0.3414327293,0.2368188611,0.51214909395
215,3456,0.00299999999999997,-0.00299999999999997,0.238208131191663,0.338773795564005,0.238208131191663,0.508160693346008
216,3456,0.00599999999999999,-0.00599999999999999,0.239597401283326,0.33611486182801,0.239597401283326,0.504172292742016
217,3456,0.00899999999999996,-0.00899999999999996,0.240986671374989,0.333455928092016,0.240986671374989,0.500183892138024
218,3456,0.012,-0.012,0.242375941466651,0.330796994356021,0.242375941466651,0.496195491534031
219,3456,0.015,-0.015,0.243765211558314,0.328138060620026,0.243765211558314,0.492207090930039
220,3456,0.018,-0.018,0.245154481649977,0.325479126884031,0.245154481649977,0.488218690326047
221,3456,0.021,-0.021,0.24654375174164,0.322820193148037,0.24654375174164,0.484230289722055
222,3456,0.024,-0.024,0.247933021833303,0.320161259412042,0.247933021833303,0.480241889118063
223,3456,0.027,-0.027,0.249322291924966,0.317502325676047,0.249322291924966,0.476253488514071
224,3456,0.03,-0.03,0.250711562016628,0.314843391940052,0.250711562016628,0.472265087910078
225,3456,0.033,-0.033,0.252100832108291,0.312184458204058,0.252100832108291,0.468276687306086
226,3456,0.036,-0.036,0.253490102199954,0.309525524468063,0.253490102199954,0.464288286702094
227,3456,0.039,-0.039,0.254879372291617,0.306866590732068,0.254879372291617,0.460299886098102
228,3456,0.042,-0.042,0.25626864238328,0.304207656996073,0.25626864238328,0.45631148549411
229,3456,0.045,-0.045,0.257657912474943,0.301548723260078,0.257657912474943,0.452323084890118
230,3456,0.048,-0.048,0.259047182566606,0.298889789524084,0.259047182566606,0.448334684286125
231,3642,0.00300000000000004,0.00300000000000004,0.230838326756932,0.341564529642134,0.230838326756932,0.512346794463201
232,3642,0.00600000000000003,0.00600000000000003,0.229333617013863,0.344159880984267,0.229333617013863,0.516239821476401
233,3642,0.00900000000000002,0.00900000000000002,0.227828907270795,0.346755232326401,0.227828907270795,0.520132848489601
234,3642,0.012,0.012,0.226324197527726,0.349350583668535,0.226324197527726,0.524025875502802
235,3642,0.015,0.015,0.224819487784658,0.351945935010668,0.224819487784658,0.527918902516002
236,3642,0.0180000000000001,0.0180000000000001,0.223314778041589,0.354541286352802,0.223314778041589,0.531811929529203
237,3642,0.021,0.021,0.221810068298521,0.357136637694935,0.221810068298521,0.535704956542403
238,3642,0.024,0.024,0.220305358555452,0.359731989037069,0.220305358555452,0.539597983555604
239,3642,0.027,0.027,0.218800648812384,0.362327340379203,0.218800648812384,0.543491010568804
240,3642,0.03,0.03,0.217295939069315,0.364922691721336,0.217295939069315,0.547384037582004
241,3642,0.033,0.033,0.215791229326247,0.36751804306347,0.215791229326247,0.551277064595205
242,3642,0.036,0.036,0.214286519583178,0.370113394405604,0.214286519583178,0.555170091608405
243,3642,0.039,0.039,0.21278180984011,0.372708745747737,0.21278180984011,0.559063118621606
244,3642,0.042,0.042,0.211277100097042,0.375304097089871,0.211277100097042,0.562956145634806
245,3642,0.045,0.045,0.209772390353973,0.377899448432005,0.209772390353973,0.566849172648007
246,3642,0.048,0.048,0.208267680610905,0.380494799774138,0.208267680610905,0.570742199661207
247,3642,0,0,0.2323430365,0.3389691783,0.2323430365,0.50845376745
248,3642,0.00300000000000004,-0.00300000000000004,0.233847746243068,0.336373826957866,0.233847746243068,0.5045607404368
249,3642,0.00600000000000003,-0.00600000000000003,0.235352455986137,0.333778475615733,0.235352455986137,0.500667713423599
250,3642,0.00900000000000002,-0.00900000000000002,0.236857165729205,0.331183124273599,0.236857165729205,0.496774686410399
251,3642,0.012,-0.012,0.238361875472274,0.328587772931466,0.238361875472274,0.492881659397198
252,3642,0.015,-0.015,0.239866585215342,0.325992421589332,0.239866585215342,0.488988632383998
253,3642,0.0180000000000001,-0.0180000000000001,0.241371294958411,0.323397070247198,0.241371294958411,0.485095605370797
254,3642,0.021,-0.021,0.242876004701479,0.320801718905065,0.242876004701479,0.481202578357597
255,3642,0.024,-0.024,0.244380714444548,0.318206367562931,0.244380714444548,0.477309551344396
256,3642,0.027,-0.027,0.245885424187616,0.315611016220797,0.245885424187616,0.473416524331196
257,3642,0.03,-0.03,0.247390133930685,0.313015664878664,0.247390133930685,0.469523497317996
258,3642,0.033,-0.033,0.248894843673753,0.31042031353653,0.248894843673753,0.465630470304795
259,3642,0.036,-0.036,0.250399553416822,0.307824962194396,0.250399553416822,0.461737443291595
260,3642,0.039,-0.039,0.25190426315989,0.305229610852263,0.25190426315989,0.457844416278394
261,3642,0.042,-0.042,0.253408972902958,0.302634259510129,0.253408972902958,0.453951389265194
262,3642,0.045,-0.045,0.254913682646027,0.300038908167996,0.254913682646027,0.450058362251993
263,3642,0.048,-0.048,0.256418392389095,0.297443556825862,0.256418392389095,0.446165335238793
264,3855,0.00300000000000003,0.00300000000000003,0.22621693728735,0.338738536430779,0.22621693728735,0.508107804646169
265,3855,0.00600000000000001,0.00600000000000001,0.224591007174701,0.341259716961558,0.224591007174701,0.511889575442337
266,3855,0.00899999999999999,0.00899999999999999,0.222965077062051,0.343780897492337,0.222965077062051,0.515671346238506
267,3855,0.012,0.012,0.221339146949402,0.346302078023116,0.221339146949402,0.519453117034674
268,3855,0.015,0.015,0.219713216836752,0.348823258553895,0.219713216836752,0.523234887830843
269,3855,0.018,0.018,0.218087286724103,0.351344439084674,0.218087286724103,0.527016658627012
270,3855,0.021,0.021,0.216461356611453,0.353865619615453,0.216461356611453,0.53079842942318
271,3855,0.024,0.024,0.214835426498804,0.356386800146233,0.214835426498804,0.534580200219349
272,3855,0.027,0.027,0.213209496386154,0.358907980677012,0.213209496386154,0.538361971015517
273,3855,0.03,0.03,0.211583566273504,0.361429161207791,0.211583566273504,0.542143741811686
274,3855,0.0330000000000001,0.0330000000000001,0.209957636160855,0.36395034173857,0.209957636160855,0.545925512607855
275,3855,0.036,0.036,0.208331706048205,0.366471522269349,0.208331706048205,0.549707283404023
276,3855,0.0390000000000001,0.0390000000000001,0.206705775935556,0.368992702800128,0.206705775935556,0.553489054200192
277,3855,0.042,0.042,0.205079845822906,0.371513883330907,0.205079845822906,0.55727082499636
278,3855,0.045,0.045,0.203453915710257,0.374035063861686,0.203453915710257,0.561052595792529
279,3855,0.048,0.048,0.201827985597607,0.376556244392465,0.201827985597607,0.564834366588698
280,3855,0,0,0.2278428674,0.3362173559,0.2278428674,0.50432603385
281,3855,0.00300000000000003,-0.00300000000000003,0.22946879751265,0.333696175369221,0.22946879751265,0.500544263053831
282,3855,0.00600000000000001,-0.00600000000000001,0.231094727625299,0.331174994838442,0.231094727625299,0.496762492257663
283,3855,0.00899999999999999,-0.00899999999999999,0.232720657737949,0.328653814307663,0.232720657737949,0.492980721461494
284,3855,0.012,-0.012,0.234346587850598,0.326132633776884,0.234346587850598,0.489198950665326
285,3855,0.015,-0.015,0.235972517963248,0.323611453246105,0.235972517963248,0.485417179869157
286,3855,0.018,-0.018,0.237598448075897,0.321090272715326,0.237598448075897,0.481635409072988
287,3855,0.021,-0.021,0.239224378188547,0.318569092184547,0.239224378188547,0.47785363827682
288,3855,0.024,-0.024,0.240850308301196,0.316047911653768,0.240850308301196,0.474071867480651
289,3855,0.027,-0.027,0.242476238413846,0.313526731122988,0.242476238413846,0.470290096684483
290,3855,0.03,-0.03,0.244102168526496,0.311005550592209,0.244102168526496,0.466508325888314
291,3855,0.0330000000000001,-0.0330000000000001,0.245728098639145,0.30848437006143,0.245728098639145,0.462726555092145
292,3855,0.036,-0.036,0.247354028751795,0.305963189530651,0.247354028751795,0.458944784295977
293,3855,0.0390000000000001,-0.0390000000000001,0.248979958864444,0.303442008999872,0.248979958864444,0.455163013499808
294,3855,0.042,-0.042,0.250605888977094,0.300920828469093,0.250605888977094,0.45138124270364
295,3855,0.045,-0.045,0.252231819089743,0.298399647938314,0.252231819089743,0.447599471907471
296,3855,0.048,-0.048,0.253857749202393,0.295878467407535,0.253857749202393,0.443817701111302
297,4101,0.00299999999999998,0.00299999999999998,0.221589521960798,0.335586722209484,0.221589521960798,0.503380083314226
298,4101,0.00599999999999996,0.00599999999999996,0.219837692021596,0.338022105518969,0.219837692021596,0.507033158278453
299,4101,0.009,0.009,0.218085862082394,0.340457488828453,0.218085862082394,0.51068623324268
300,4101,0.012,0.012,0.216334032143191,0.342892872137937,0.216334032143191,0.514339308206906
301,4101,0.015,0.015,0.214582202203989,0.345328255447422,0.214582202203989,0.517992383171133
302,4101,0.0179999999999999,0.0179999999999999,0.212830372264787,0.347763638756906,0.212830372264787,0.521645458135359
303,4101,0.021,0.021,0.211078542325585,0.35019902206639,0.211078542325585,0.525298533099586
304,4101,0.024,0.024,0.209326712386383,0.352634405375875,0.209326712386383,0.528951608063812
305,4101,0.027,0.027,0.207574882447181,0.355069788685359,0.207574882447181,0.532604683028039
306,4101,0.03,0.03,0.205823052507979,0.357505171994844,0.205823052507979,0.536257757992265
307,4101,0.033,0.033,0.204071222568776,0.359940555304328,0.204071222568776,0.539910832956492
308,4101,0.036,0.036,0.202319392629574,0.362375938613812,0.202319392629574,0.543563907920718
309,4101,0.039,0.039,0.200567562690372,0.364811321923297,0.200567562690372,0.547216982884945
310,4101,0.042,0.042,0.19881573275117,0.367246705232781,0.19881573275117,0.550870057849171
311,4101,0.045,0.045,0.197063902811968,0.369682088542265,0.197063902811968,0.554523132813398
312,4101,0.048,0.048,0.195312072872766,0.37211747185175,0.195312072872766,0.558176207777625
313,4101,0,0,0.2233413519,0.3331513389,0.2233413519,0.49972700835
314,4101,0.00299999999999998,-0.00299999999999998,0.225093181839202,0.330715955590516,0.225093181839202,0.496073933385773
315,4101,0.00599999999999996,-0.00599999999999996,0.226845011778404,0.328280572281031,0.226845011778404,0.492420858421547
316,4101,0.009,-0.009,0.228596841717606,0.325845188971547,0.228596841717606,0.48876778345732
317,4101,0.012,-0.012,0.230348671656809,0.323409805662063,0.230348671656809,0.485114708493094
318,4101,0.015,-0.015,0.232100501596011,0.320974422352578,0.232100501596011,0.481461633528867
319,4101,0.0179999999999999,-0.0179999999999999,0.233852331535213,0.318539039043094,0.233852331535213,0.477808558564641
320,4101,0.021,-0.021,0.235604161474415,0.316103655733609,0.235604161474415,0.474155483600414
321,4101,0.024,-0.024,0.237355991413617,0.313668272424125,0.237355991413617,0.470502408636188
322,4101,0.027,-0.027,0.239107821352819,0.311232889114641,0.239107821352819,0.466849333671961
323,4101,0.03,-0.03,0.240859651292021,0.308797505805156,0.240859651292021,0.463196258707735
324,4101,0.033,-0.033,0.242611481231224,0.306362122495672,0.242611481231224,0.459543183743508
325,4101,0.036,-0.036,0.244363311170426,0.303926739186188,0.244363311170426,0.455890108779281
326,4101,0.039,-0.039,0.246115141109628,0.301491355876703,0.246115141109628,0.452237033815055
327,4101,0.042,-0.042,0.24786697104883,0.299055972567219,0.24786697104883,0.448583958850828
328,4101,0.045,-0.045,0.249618800988032,0.296620589257735,0.249618800988032,0.444930883886602
329,4101,0.048,-0.048,0.251370630927234,0.29418520594825,0.251370630927234,0.441277808922375
330,4386,0.00300000000000004,0.00300000000000004,0.217012591578193,0.332105562879414,0.217012591578193,0.498158344319121
331,4386,0.00600000000000006,0.00600000000000006,0.215132464256387,0.334443322758827,0.215132464256387,0.501664984138241
332,4386,0.00900000000000006,0.00900000000000006,0.21325233693458,0.336781082638241,0.21325233693458,0.505171623957362
333,4386,0.0120000000000001,0.0120000000000001,0.211372209612774,0.339118842517655,0.211372209612774,0.508678263776482
334,4386,0.015,0.015,0.209492082290967,0.341456602397069,0.209492082290967,0.512184903595603
335,4386,0.0180000000000001,0.0180000000000001,0.20761195496916,0.343794362276482,0.20761195496916,0.515691543414723
336,4386,0.0210000000000001,0.0210000000000001,0.205731827647354,0.346132122155896,0.205731827647354,0.519198183233844
337,4386,0.024,0.024,0.203851700325547,0.34846988203531,0.203851700325547,0.522704823052965
338,4386,0.027,0.027,0.201971573003741,0.350807641914723,0.201971573003741,0.526211462872085
339,4386,0.0300000000000001,0.0300000000000001,0.200091445681934,0.353145401794137,0.200091445681934,0.529718102691206
340,4386,0.033,0.033,0.198211318360127,0.355483161673551,0.198211318360127,0.533224742510326
341,4386,0.0360000000000001,0.0360000000000001,0.196331191038321,0.357820921552965,0.196331191038321,0.536731382329447
342,4386,0.0390000000000001,0.0390000000000001,0.194451063716514,0.360158681432378,0.194451063716514,0.540238022148567
343,4386,0.0420000000000001,0.0420000000000001,0.192570936394708,0.362496441311792,0.192570936394708,0.543744661967688
344,4386,0.0450000000000001,0.0450000000000001,0.190690809072901,0.364834201191206,0.190690809072901,0.547251301786808
345,4386,0.048,0.048,0.188810681751094,0.367171961070619,0.188810681751094,0.550757941605929
346,4386,0,0,0.2188927189,0.329767803,0.2188927189,0.4946517045
347,4386,0.00300000000000004,-0.00300000000000004,0.220772846221807,0.327430043120586,0.220772846221807,0.49114506468088
348,4386,0.00600000000000006,-0.00600000000000006,0.222652973543613,0.325092283241173,0.222652973543613,0.487638424861759
349,4386,0.00900000000000006,-0.00900000000000006,0.22453310086542,0.322754523361759,0.22453310086542,0.484131785042638
350,4386,0.0120000000000001,-0.0120000000000001,0.226413228187226,0.320416763482345,0.226413228187226,0.480625145223518
351,4386,0.015,-0.015,0.228293355509033,0.318079003602932,0.228293355509033,0.477118505404397
352,4386,0.0180000000000001,-0.0180000000000001,0.23017348283084,0.315741243723518,0.23017348283084,0.473611865585277
353,4386,0.0210000000000001,-0.0210000000000001,0.232053610152646,0.313403483844104,0.232053610152646,0.470105225766156
354,4386,0.024,-0.024,0.233933737474453,0.311065723964691,0.233933737474453,0.466598585947036
355,4386,0.027,-0.027,0.235813864796259,0.308727964085277,0.235813864796259,0.463091946127915
356,4386,0.0300000000000001,-0.0300000000000001,0.237693992118066,0.306390204205863,0.237693992118066,0.459585306308795
357,4386,0.033,-0.033,0.239574119439873,0.304052444326449,0.239574119439873,0.456078666489674
358,4386,0.0360000000000001,-0.0360000000000001,0.241454246761679,0.301714684447036,0.241454246761679,0.452572026670554
359,4386,0.0390000000000001,-0.0390000000000001,0.243334374083486,0.299376924567622,0.243334374083486,0.449065386851433
360,4386,0.0420000000000001,-0.0420000000000001,0.245214501405292,0.297039164688208,0.245214501405292,0.445558747032313
361,4386,0.0450000000000001,-0.0450000000000001,0.247094628727099,0.294701404808795,0.247094628727099,0.442052107213192
362,4386,0.048,-0.048,0.248974756048906,0.292363644929381,0.248974756048906,0.438545467394071
363,4717,0.00300000000000002,0.00300000000000002,0.212549441234595,0.328306899234053,0.212549441234595,0.49246034885108
364,4717,0.00599999999999999,0.00599999999999999,0.21054149286919,0.330535832468107,0.21054149286919,0.49580374870216
365,4717,0.00900000000000005,0.00900000000000005,0.208533544503785,0.33276476570216,0.208533544503785,0.49914714855324
366,4717,0.012,0.012,0.20652559613838,0.334993698936214,0.20652559613838,0.502490548404321
367,4717,0.015,0.015,0.204517647772976,0.337222632170267,0.204517647772976,0.505833948255401
368,4717,0.018,0.018,0.202509699407571,0.33945156540432,0.202509699407571,0.509177348106481
369,4717,0.021,0.021,0.200501751042166,0.341680498638374,0.200501751042166,0.512520747957561
370,4717,0.024,0.024,0.198493802676761,0.343909431872427,0.198493802676761,0.515864147808641
371,4717,0.027,0.027,0.196485854311356,0.346138365106481,0.196485854311356,0.519207547659721
372,4717,0.03,0.03,0.194477905945951,0.348367298340534,0.194477905945951,0.522550947510801
373,4717,0.033,0.033,0.192469957580546,0.350596231574588,0.192469957580546,0.525894347361881
374,4717,0.036,0.036,0.190462009215141,0.352825164808641,0.190462009215141,0.529237747212961
375,4717,0.039,0.039,0.188454060849736,0.355054098042694,0.188454060849736,0.532581147064042
376,4717,0.042,0.042,0.186446112484331,0.357283031276748,0.186446112484331,0.535924546915122
377,4717,0.045,0.045,0.184438164118927,0.359511964510801,0.184438164118927,0.539267946766202
378,4717,0.0480000000000001,0.0480000000000001,0.182430215753522,0.361740897744855,0.182430215753522,0.542611346617282
379,4717,0,0,0.2145573896,0.326077966,0.2145573896,0.489116949
380,4717,0.00300000000000002,-0.00300000000000002,0.216565337965405,0.323849032765947,0.216565337965405,0.48577354914892
381,4717,0.00599999999999999,-0.00599999999999999,0.21857328633081,0.321620099531893,0.21857328633081,0.48243014929784
382,4717,0.00900000000000005,-0.00900000000000005,0.220581234696215,0.31939116629784,0.220581234696215,0.47908674944676
383,4717,0.012,-0.012,0.22258918306162,0.317162233063786,0.22258918306162,0.47574334959568
384,4717,0.015,-0.015,0.224597131427025,0.314933299829733,0.224597131427025,0.472399949744599
385,4717,0.018,-0.018,0.226605079792429,0.31270436659568,0.226605079792429,0.469056549893519
386,4717,0.021,-0.021,0.228613028157834,0.310475433361626,0.228613028157834,0.465713150042439
387,4717,0.024,-0.024,0.230620976523239,0.308246500127573,0.230620976523239,0.462369750191359
388,4717,0.027,-0.027,0.232628924888644,0.306017566893519,0.232628924888644,0.459026350340279
389,4717,0.03,-0.03,0.234636873254049,0.303788633659466,0.234636873254049,0.455682950489199
390,4717,0.033,-0.033,0.236644821619454,0.301559700425412,0.236644821619454,0.452339550638119
391,4717,0.036,-0.036,0.238652769984859,0.299330767191359,0.238652769984859,0.448996150787039
392,4717,0.039,-0.039,0.240660718350264,0.297101833957306,0.240660718350264,0.445652750935958
393,4717,0.042,-0.042,0.242668666715669,0.294872900723252,0.242668666715669,0.442309351084878
394,4717,0.045,-0.045,0.244676615081073,0.292643967489199,0.244676615081073,0.438965951233798
395,4717,0.0480000000000001,-0.0480000000000001,0.246684563446478,0.290415034255145,0.246684563446478,0.435622551382718
396,5102,0.00300000000000004,0.00300000000000004,0.208267330651983,0.32422246160155,0.208267330651983,0.486333692402325
397,5102,0.00600000000000004,0.00600000000000004,0.206135262003966,0.3263329789031,0.206135262003966,0.48949946835465
398,5102,0.00900000000000004,0.00900000000000004,0.204003193355949,0.32844349620465,0.204003193355949,0.492665244306976
399,5102,0.012,0.012,0.201871124707931,0.3305540135062,0.201871124707931,0.495831020259301
400,5102,0.0150000000000001,0.0150000000000001,0.199739056059914,0.332664530807751,0.199739056059914,0.498996796211626
401,5102,0.0180000000000001,0.0180000000000001,0.197606987411897,0.334775048109301,0.197606987411897,0.502162572163951
402,5102,0.021,0.021,0.19547491876388,0.336885565410851,0.19547491876388,0.505328348116276
403,5102,0.024,0.024,0.193342850115863,0.338996082712401,0.193342850115863,0.508494124068601
404,5102,0.027,0.027,0.191210781467846,0.341106600013951,0.191210781467846,0.511659900020926
405,5102,0.0300000000000001,0.0300000000000001,0.189078712819828,0.343217117315501,0.189078712819828,0.514825675973252
406,5102,0.0330000000000001,0.0330000000000001,0.186946644171811,0.345327634617051,0.186946644171811,0.517991451925577
407,5102,0.0360000000000001,0.0360000000000001,0.184814575523794,0.347438151918601,0.184814575523794,0.521157227877902
408,5102,0.0390000000000001,0.0390000000000001,0.182682506875777,0.349548669220151,0.182682506875777,0.524323003830227
409,5102,0.0420000000000001,0.0420000000000001,0.18055043822776,0.351659186521701,0.18055043822776,0.527488779782552
410,5102,0.0450000000000001,0.0450000000000001,0.178418369579743,0.353769703823252,0.178418369579743,0.530654555734877
411,5102,0.0480000000000001,0.0480000000000001,0.176286300931726,0.355880221124802,0.176286300931726,0.533820331687203
412,5102,0,0,0.2103993993,0.3221119443,0.2103993993,0.48316791645
413,5102,0.00300000000000004,-0.00300000000000004,0.212531467948017,0.32000142699845,0.212531467948017,0.480002140497675
414,5102,0.00600000000000004,-0.00600000000000004,0.214663536596034,0.3178909096969,0.214663536596034,0.47683636454535
415,5102,0.00900000000000004,-0.00900000000000004,0.216795605244051,0.31578039239535,0.216795605244051,0.473670588593025
416,5102,0.012,-0.012,0.218927673892069,0.3136698750938,0.218927673892069,0.470504812640699
417,5102,0.0150000000000001,-0.0150000000000001,0.221059742540086,0.31155935779225,0.221059742540086,0.467339036688374
418,5102,0.0180000000000001,-0.0180000000000001,0.223191811188103,0.309448840490699,0.223191811188103,0.464173260736049
419,5102,0.021,-0.021,0.22532387983612,0.307338323189149,0.22532387983612,0.461007484783724
420,5102,0.024,-0.024,0.227455948484137,0.305227805887599,0.227455948484137,0.457841708831399
421,5102,0.027,-0.027,0.229588017132154,0.303117288586049,0.229588017132154,0.454675932879074
422,5102,0.0300000000000001,-0.0300000000000001,0.231720085780172,0.301006771284499,0.231720085780172,0.451510156926749
423,5102,0.0330000000000001,-0.0330000000000001,0.233852154428189,0.298896253982949,0.233852154428189,0.448344380974423
424,5102,0.0360000000000001,-0.0360000000000001,0.235984223076206,0.296785736681399,0.235984223076206,0.445178605022098
425,5102,0.0390000000000001,-0.0390000000000001,0.238116291724223,0.294675219379849,0.238116291724223,0.442012829069773
426,5102,0.0420000000000001,-0.0420000000000001,0.24024836037224,0.292564702078299,0.24024836037224,0.438847053117448
427,5102,0.0450000000000001,-0.0450000000000001,0.242380429020257,0.290454184776749,0.242380429020257,0.435681277165123
428,5102,0.0480000000000001,-0.0480000000000001,0.244512497668274,0.288343667475198,0.244512497668274,0.432515501212798
429,5552,0.00299999999999998,0.00299999999999998,0.204215981545902,0.319887824608137,0.204215981545902,0.479831736912206
430,5552,0.00599999999999994,0.00599999999999994,0.201966215391805,0.321872403216275,0.201966215391805,0.482808604824412
431,5552,0.00899999999999999,0.00899999999999999,0.199716449237707,0.323856981824413,0.199716449237707,0.485785472736619
432,5552,0.012,0.012,0.19746668308361,0.32584156043255,0.19746668308361,0.488762340648825
433,5552,0.015,0.015,0.195216916929512,0.327826139040688,0.195216916929512,0.491739208561031
434,5552,0.018,0.018,0.192967150775415,0.329810717648825,0.192967150775415,0.494716076473238
435,5552,0.021,0.021,0.190717384621317,0.331795296256963,0.190717384621317,0.497692944385444
436,5552,0.024,0.024,0.18846761846722,0.3337798748651,0.18846761846722,0.500669812297651
437,5552,0.027,0.027,0.186217852313122,0.335764453473238,0.186217852313122,0.503646680209857
438,5552,0.03,0.03,0.183968086159025,0.337749032081375,0.183968086159025,0.506623548122063
439,5552,0.033,0.033,0.181718320004927,0.339733610689513,0.181718320004927,0.509600416034269
440,5552,0.036,0.036,0.179468553850829,0.34171818929765,0.179468553850829,0.512577283946476
441,5552,0.0389999999999999,0.0389999999999999,0.177218787696732,0.343702767905788,0.177218787696732,0.515554151858682
442,5552,0.042,0.042,0.174969021542634,0.345687346513926,0.174969021542634,0.518531019770888
443,5552,0.045,0.045,0.172719255388537,0.347671925122063,0.172719255388537,0.521507887683095
444,5552,0.048,0.048,0.170469489234439,0.349656503730201,0.170469489234439,0.524484755595301
445,5552,0,0,0.2064657477,0.317903246,0.2064657477,0.476854869
446,5552,0.00299999999999998,-0.00299999999999998,0.208715513854098,0.315918667391862,0.208715513854098,0.473878001087794
447,5552,0.00599999999999994,-0.00599999999999994,0.210965280008195,0.313934088783725,0.210965280008195,0.470901133175587
448,5552,0.00899999999999999,-0.00899999999999999,0.213215046162293,0.311949510175587,0.213215046162293,0.467924265263381
449,5552,0.012,-0.012,0.21546481231639,0.30996493156745,0.21546481231639,0.464947397351175
450,5552,0.015,-0.015,0.217714578470488,0.307980352959312,0.217714578470488,0.461970529438968
451,5552,0.018,-0.018,0.219964344624585,0.305995774351175,0.219964344624585,0.458993661526762
452,5552,0.021,-0.021,0.222214110778683,0.304011195743037,0.222214110778683,0.456016793614556
453,5552,0.024,-0.024,0.22446387693278,0.3020266171349,0.22446387693278,0.453039925702349
454,5552,0.027,-0.027,0.226713643086878,0.300042038526762,0.226713643086878,0.450063057790143
455,5552,0.03,-0.03,0.228963409240975,0.298057459918625,0.228963409240975,0.447086189877937
456,5552,0.033,-0.033,0.231213175395073,0.296072881310487,0.231213175395073,0.44410932196573
457,5552,0.036,-0.036,0.233462941549171,0.294088302702349,0.233462941549171,0.441132454053524
458,5552,0.0389999999999999,-0.0389999999999999,0.235712707703268,0.292103724094212,0.235712707703268,0.438155586141318
459,5552,0.042,-0.042,0.237962473857366,0.290119145486074,0.237962473857366,0.435178718229112
460,5552,0.045,-0.045,0.240212240011463,0.288134566877937,0.240212240011463,0.432201850316905
461,5552,0.048,-0.048,0.242462006165561,0.286149988269799,0.242462006165561,0.429224982404699
462,6080,0.00299999999999996,0.00299999999999996,0.200444569425084,0.315360157671669,0.200444569425084,0.473040236507504
463,6080,0.00599999999999998,0.00599999999999998,0.198086069150169,0.317214200943339,0.198086069150169,0.475821301415008
464,6080,0.009,0.009,0.195727568875253,0.319068244215008,0.195727568875253,0.478602366322512
465,6080,0.012,0.012,0.193369068600337,0.320922287486678,0.193369068600337,0.481383431230017
466,6080,0.015,0.015,0.191010568325422,0.322776330758347,0.191010568325422,0.484164496137521
467,6080,0.018,0.018,0.188652068050506,0.324630374030017,0.188652068050506,0.486945561045025
468,6080,0.021,0.021,0.18629356777559,0.326484417301686,0.18629356777559,0.489726625952529
469,6080,0.024,0.024,0.183935067500675,0.328338460573355,0.183935067500675,0.492507690860033
470,6080,0.027,0.027,0.181576567225759,0.330192503845025,0.181576567225759,0.495288755767537
471,6080,0.03,0.03,0.179218066950843,0.332046547116694,0.179218066950843,0.498069820675042
472,6080,0.033,0.033,0.176859566675928,0.333900590388364,0.176859566675928,0.500850885582546
473,6080,0.036,0.036,0.174501066401012,0.335754633660033,0.174501066401012,0.50363195049005
474,6080,0.039,0.039,0.172142566126096,0.337608676931703,0.172142566126096,0.506413015397554
475,6080,0.042,0.042,0.169784065851181,0.339462720203372,0.169784065851181,0.509194080305058
476,6080,0.045,0.045,0.167425565576265,0.341316763475042,0.167425565576265,0.511975145212562
477,6080,0.048,0.048,0.165067065301349,0.343170806746711,0.165067065301349,0.514756210120067
478,6080,0,0,0.2028030697,0.3135061144,0.2028030697,0.4702591716
479,6080,0.00299999999999996,-0.00299999999999996,0.205161569974916,0.31165207112833,0.205161569974916,0.467478106692496
480,6080,0.00599999999999998,-0.00599999999999998,0.207520070249831,0.309798027856661,0.207520070249831,0.464697041784992
481,6080,0.009,-0.009,0.209878570524747,0.307943984584992,0.209878570524747,0.461915976877487
482,6080,0.012,-0.012,0.212237070799663,0.306089941313322,0.212237070799663,0.459134911969983
483,6080,0.015,-0.015,0.214595571074578,0.304235898041653,0.214595571074578,0.456353847062479
484,6080,0.018,-0.018,0.216954071349494,0.302381854769983,0.216954071349494,0.453572782154975
485,6080,0.021,-0.021,0.21931257162441,0.300527811498314,0.21931257162441,0.450791717247471
486,6080,0.024,-0.024,0.221671071899325,0.298673768226644,0.221671071899325,0.448010652339967
487,6080,0.027,-0.027,0.224029572174241,0.296819724954975,0.224029572174241,0.445229587432462
488,6080,0.03,-0.03,0.226388072449157,0.294965681683306,0.226388072449157,0.442448522524958
489,6080,0.033,-0.033,0.228746572724072,0.293111638411636,0.228746572724072,0.439667457617454
490,6080,0.036,-0.036,0.231105072998988,0.291257595139967,0.231105072998988,0.43688639270995
491,6080,0.039,-0.039,0.233463573273904,0.289403551868297,0.233463573273904,0.434105327802446
492,6080,0.042,-0.042,0.235822073548819,0.287549508596628,0.235822073548819,0.431324262894942
493,6080,0.045,-0.045,0.238180573823735,0.285695465324958,0.238180573823735,0.428543197987437
494,6080,0.048,-0.048,0.240539074098651,0.283841422053289,0.240539074098651,0.425762133079933
495,6702,0.00300000000000001,0.00300000000000001,0.196992538089181,0.310712324200563,0.196992538089181,0.466068486300844
496,6702,0.00600000000000001,0.00600000000000001,0.194536249478361,0.312434719701126,0.194536249478361,0.468652079551688
497,6702,0.00899999999999999,0.00899999999999999,0.192079960867542,0.314157115201688,0.192079960867542,0.471235672802532
498,6702,0.012,0.012,0.189623672256722,0.315879510702251,0.189623672256722,0.473819266053377
499,6702,0.015,0.015,0.187167383645903,0.317601906202814,0.187167383645903,0.476402859304221
500,6702,0.018,0.018,0.184711095035084,0.319324301703377,0.184711095035084,0.478986452555065
501,6702,0.021,0.021,0.182254806424264,0.321046697203939,0.182254806424264,0.481570045805909
502,6702,0.024,0.024,0.179798517813445,0.322769092704502,0.179798517813445,0.484153639056753
503,6702,0.027,0.027,0.177342229202625,0.324491488205065,0.177342229202625,0.486737232307597
504,6702,0.03,0.03,0.174885940591806,0.326213883705628,0.174885940591806,0.489320825558442
505,6702,0.033,0.033,0.172429651980987,0.327936279206191,0.172429651980987,0.491904418809286
506,6702,0.036,0.036,0.169973363370167,0.329658674706753,0.169973363370167,0.49448801206013
507,6702,0.039,0.039,0.167517074759348,0.331381070207316,0.167517074759348,0.497071605310974
508,6702,0.042,0.042,0.165060786148528,0.333103465707879,0.165060786148528,0.499655198561818
509,6702,0.045,0.045,0.162604497537709,0.334825861208442,0.162604497537709,0.502238791812662
510,6702,0.048,0.048,0.160148208926889,0.336548256709004,0.160148208926889,0.504822385063507
511,6702,0,0,0.1994488267,0.3089899287,0.1994488267,0.46348489305
512,6702,0.00300000000000001,-0.00300000000000001,0.201905115310819,0.307267533199437,0.201905115310819,0.460901299799156
513,6702,0.00600000000000001,-0.00600000000000001,0.204361403921639,0.305545137698874,0.204361403921639,0.458317706548312
514,6702,0.00899999999999999,-0.00899999999999999,0.206817692532458,0.303822742198312,0.206817692532458,0.455734113297468
515,6702,0.012,-0.012,0.209273981143278,0.302100346697749,0.209273981143278,0.453150520046623
516,6702,0.015,-0.015,0.211730269754097,0.300377951197186,0.211730269754097,0.450566926795779
517,6702,0.018,-0.018,0.214186558364916,0.298655555696623,0.214186558364916,0.447983333544935
518,6702,0.021,-0.021,0.216642846975736,0.296933160196061,0.216642846975736,0.445399740294091
519,6702,0.024,-0.024,0.219099135586555,0.295210764695498,0.219099135586555,0.442816147043247
520,6702,0.027,-0.027,0.221555424197375,0.293488369194935,0.221555424197375,0.440232553792403
521,6702,0.03,-0.03,0.224011712808194,0.291765973694372,0.224011712808194,0.437648960541559
522,6702,0.033,-0.033,0.226468001419013,0.29004357819381,0.226468001419013,0.435065367290714
523,6702,0.036,-0.036,0.228924290029833,0.288321182693247,0.228924290029833,0.43248177403987
524,6702,0.039,-0.039,0.231380578640652,0.286598787192684,0.231380578640652,0.429898180789026
525,6702,0.042,-0.042,0.233836867251472,0.284876391692121,0.233836867251472,0.427314587538182
526,6702,0.045,-0.045,0.236293155862291,0.283153996191559,0.236293155862291,0.424730994287338
527,6702,0.048,-0.048,0.238749444473111,0.281431600690996,0.238749444473111,0.422147401036494
528,7443,0.00299999999999999,0.00299999999999999,0.19386758198191,0.305998808113201,0.19386758198191,0.458998212169801
529,7443,0.00600000000000002,0.00600000000000002,0.191325069663821,0.307591174626402,0.191325069663821,0.461386761939602
530,7443,0.00899999999999999,0.00899999999999999,0.188782557345731,0.309183541139602,0.188782557345731,0.463775311709403
531,7443,0.012,0.012,0.186240045027642,0.310775907652803,0.186240045027642,0.466163861479204
532,7443,0.015,0.015,0.183697532709552,0.312368274166004,0.183697532709552,0.468552411249005
533,7443,0.018,0.018,0.181155020391463,0.313960640679204,0.181155020391463,0.470940961018807
534,7443,0.021,0.021,0.178612508073373,0.315553007192405,0.178612508073373,0.473329510788608
535,7443,0.024,0.024,0.176069995755284,0.317145373705606,0.176069995755284,0.475718060558409
536,7443,0.027,0.027,0.173527483437194,0.318737740218807,0.173527483437194,0.47810661032821
537,7443,0.03,0.03,0.170984971119105,0.320330106732007,0.170984971119105,0.480495160098011
538,7443,0.033,0.033,0.168442458801015,0.321922473245208,0.168442458801015,0.482883709867812
539,7443,0.036,0.036,0.165899946482926,0.323514839758409,0.165899946482926,0.485272259637613
540,7443,0.039,0.039,0.163357434164836,0.32510720627161,0.163357434164836,0.487660809407414
541,7443,0.042,0.042,0.160814921846747,0.32669957278481,0.160814921846747,0.490049359177215
542,7443,0.045,0.045,0.158272409528657,0.328291939298011,0.158272409528657,0.492437908947017
543,7443,0.048,0.048,0.155729897210568,0.329884305811212,0.155729897210568,0.494826458716818
544,7443,0,0,0.1964100943,0.3044064416,0.1964100943,0.4566096624
545,7443,0.00299999999999999,-0.00299999999999999,0.19895260661809,0.302814075086799,0.19895260661809,0.454221112630199
546,7443,0.00600000000000002,-0.00600000000000002,0.201495118936179,0.301221708573599,0.201495118936179,0.451832562860398
547,7443,0.00899999999999999,-0.00899999999999999,0.204037631254269,0.299629342060398,0.204037631254269,0.449444013090597
548,7443,0.012,-0.012,0.206580143572358,0.298036975547197,0.206580143572358,0.447055463320796
549,7443,0.015,-0.015,0.209122655890448,0.296444609033996,0.209122655890448,0.444666913550995
550,7443,0.018,-0.018,0.211665168208537,0.294852242520796,0.211665168208537,0.442278363781193
551,7443,0.021,-0.021,0.214207680526627,0.293259876007595,0.214207680526627,0.439889814011392
552,7443,0.024,-0.024,0.216750192844716,0.291667509494394,0.216750192844716,0.437501264241591
553,7443,0.027,-0.027,0.219292705162806,0.290075142981193,0.219292705162806,0.43511271447179
554,7443,0.03,-0.03,0.221835217480895,0.288482776467993,0.221835217480895,0.432724164701989
555,7443,0.033,-0.033,0.224377729798985,0.286890409954792,0.224377729798985,0.430335614932188
556,7443,0.036,-0.036,0.226920242117074,0.285298043441591,0.226920242117074,0.427947065162387
557,7443,0.039,-0.039,0.229462754435164,0.28370567692839,0.229462754435164,0.425558515392586
558,7443,0.042,-0.042,0.232005266753253,0.28211331041519,0.232005266753253,0.423169965622785
559,7443,0.045,-0.045,0.234547779071343,0.280520943901989,0.234547779071343,0.420781415852984
560,7443,0.048,-0.048,0.237090291389432,0.278928577388788,0.237090291389432,0.418392866083182
